Workbook

Sheet Template
A1: Status On Plan Work Shop
A2: ลำดับ | B2: วันที่ | C2: JOB | D2: DWG.Name | E2: จำนวนชิ้น | F2: เสร็จแล้ว | G2: ยังไม่เสร็จ | H2: สถานะ | I2: PROCESS | J2: ผู้รับผิดชอบ | K2: เวลา/ช.ม/นาที | L2: PROCESS | M2: ผู้รับผิดชอบ | N2: เวลา/ช.ม/นาที | O2: PROCESS | P2: ผู้รับผิดชอบ | Q2: เวลา/ช.ม/นาที | R2: PROCESS | S2: ผู้รับผิดชอบ | T2: เวลา/ช.ม/นาที | U2: เวลารวม | V2: OUTSOURCE | Y2: ผู้ส่งแบบ | Z2: กำหนดส่ง | AA2: วันเสร็จจริง | AB2: ผู้รับ | AC2: วันที่รับ | AD2: KPI ส่งมอบ | AE2: แก้ไข(ชิ้น) | AG2: ราคาแมท ขึ้นใหม่ | AH2: Remark
A3: ลำดับ | B3: วันที่ | C3: JOB | D3: DWG.Name | E3: จำนวนชิ้น | F3: เสร็จแล้ว | G3: ยังไม่เสร็จ | H3: สถานะ | I3: PROCESS | J3: ผู้รับผิดชอบ | K3: เวลา/ช.ม/นาที | L3: PROCESS | M3: ผู้รับผิดชอบ | N3: เวลา/ช.ม/นาที | O3: PROCESS | P3: ผู้รับผิดชอบ | Q3: เวลา/ช.ม/นาที | R3: PROCESS | S3: ผู้รับผิดชอบ | T3: เวลา/ช.ม/นาที | U3: เวลารวม | V3: Process | W3: Process | X3: Coating /Heat Treatment | Y3: ผู้ส่งแบบ | Z3: กำหนดส่ง | AA3: วันเสร็จจริง | AB3: ผู้รับ | AC3: วันที่รับ | AE3: แก้ไขได้ | AF3: ขึ้นใหม่
A4: 1 | G4: =$E4-$F4 -> 0 | H4: =IF($G4=0,"ครบ","ไม่ครบ") -> ครบ | J4: =VLOOKUP(I4,Sheet2!$B$1:$C$9,2,FALSE) -> #N/A | M4: =VLOOKUP(L4,Sheet2!$B$1:$C$9,2,FALSE) -> #N/A | P4: =VLOOKUP(O4,Sheet2!$B$1:$C$9,2,FALSE) -> #N/A | S4: =VLOOKUP(R4,Sheet2!$B$1:$C$9,2,FALSE) -> #N/A | U4: =$K4+$N4+$Q4+$T4 -> 0 | AD4: =IF($AA4>$Z4,"เกินกำหนด","ทันกำหนด") -> ทันกำหนด
A5: 2 | G5: =$E5-$F5 -> 0 | H5: =IF($G5=0,"ครบ","ไม่ครบ") -> ครบ | J5: =VLOOKUP(I5,Sheet2!$B$1:$C$9,2,FALSE) -> #N/A | M5: =VLOOKUP(L5,Sheet2!$B$1:$C$9,2,FALSE) -> #N/A | P5: =VLOOKUP(O5,Sheet2!$B$1:$C$9,2,FALSE) -> #N/A | S5: =VLOOKUP(R5,Sheet2!$B$1:$C$9,2,FALSE) -> #N/A | U5: =$K5+$N5+$Q5+$T5 -> 0 | AD5: =IF($AA5>$Z5,"เกินกำหนด","ทันกำหนด") -> ทันกำหนด
A6: 3 | G6: =$E6-$F6 -> 0 | H6: =IF($G6=0,"ครบ","ไม่ครบ") -> ครบ | J6: =VLOOKUP(I6,Sheet2!$B$1:$C$9,2,FALSE) -> #N/A | M6: =VLOOKUP(L6,Sheet2!$B$1:$C$9,2,FALSE) -> #N/A | P6: =VLOOKUP(O6,Sheet2!$B$1:$C$9,2,FALSE) -> #N/A | S6: =VLOOKUP(R6,Sheet2!$B$1:$C$9,2,FALSE) -> #N/A | U6: =$K6+$N6+$Q6+$T6 -> 0 | AD6: =IF($AA6>$Z6,"เกินกำหนด","ทันกำหนด") -> ทันกำหนด
A7: 4 | G7: =$E7-$F7 -> 0 | H7: =IF($G7=0,"ครบ","ไม่ครบ") -> ครบ | J7: =VLOOKUP(I7,Sheet2!$B$1:$C$9,2,FALSE) -> #N/A | M7: =VLOOKUP(L7,Sheet2!$B$1:$C$9,2,FALSE) -> #N/A | P7: =VLOOKUP(O7,Sheet2!$B$1:$C$9,2,FALSE) -> #N/A | S7: =VLOOKUP(R7,Sheet2!$B$1:$C$9,2,FALSE) -> #N/A | U7: =$K7+$N7+$Q7+$T7 -> 0 | AD7: =IF($AA7>$Z7,"เกินกำหนด","ทันกำหนด") -> ทันกำหนด
A8: 5 | G8: =$E8-$F8 -> 0 | H8: =IF($G8=0,"ครบ","ไม่ครบ") -> ครบ | J8: =VLOOKUP(I8,Sheet2!$B$1:$C$9,2,FALSE) -> #N/A | M8: =VLOOKUP(L8,Sheet2!$B$1:$C$9,2,FALSE) -> #N/A | P8: =VLOOKUP(O8,Sheet2!$B$1:$C$9,2,FALSE) -> #N/A | S8: =VLOOKUP(R8,Sheet2!$B$1:$C$9,2,FALSE) -> #N/A | U8: =$K8+$N8+$Q8+$T8 -> 0 | AD8: =IF($AA8>$Z8,"เกินกำหนด","ทันกำหนด") -> ทันกำหนด
A9: 6 | G9: =$E9-$F9 -> 0 | H9: =IF($G9=0,"ครบ","ไม่ครบ") -> ครบ | J9: =VLOOKUP(I9,Sheet2!$B$1:$C$9,2,FALSE) -> #N/A | M9: =VLOOKUP(L9,Sheet2!$B$1:$C$9,2,FALSE) -> #N/A | P9: =VLOOKUP(O9,Sheet2!$B$1:$C$9,2,FALSE) -> #N/A | S9: =VLOOKUP(R9,Sheet2!$B$1:$C$9,2,FALSE) -> #N/A | U9: =$K9+$N9+$Q9+$T9 -> 0 | AD9: =IF($AA9>$Z9,"เกินกำหนด","ทันกำหนด") -> ทันกำหนด
A10: 7 | G10: =$E10-$F10 -> 0 | H10: =IF($G10=0,"ครบ","ไม่ครบ") -> ครบ | J10: =VLOOKUP(I10,Sheet2!$B$1:$C$9,2,FALSE) -> #N/A | M10: =VLOOKUP(L10,Sheet2!$B$1:$C$9,2,FALSE) -> #N/A | P10: =VLOOKUP(O10,Sheet2!$B$1:$C$9,2,FALSE) -> #N/A | S10: =VLOOKUP(R10,Sheet2!$B$1:$C$9,2,FALSE) -> #N/A | U10: =$K10+$N10+$Q10+$T10 -> 0 | AD10: =IF($AA10>$Z10,"เกินกำหนด","ทันกำหนด") -> ทันกำหนด
A11: 8 | G11: =$E11-$F11 -> 0 | H11: =IF($G11=0,"ครบ","ไม่ครบ") -> ครบ | J11: =VLOOKUP(I11,Sheet2!$B$1:$C$9,2,FALSE) -> #N/A | M11: =VLOOKUP(L11,Sheet2!$B$1:$C$9,2,FALSE) -> #N/A | P11: =VLOOKUP(O11,Sheet2!$B$1:$C$9,2,FALSE) -> #N/A | S11: =VLOOKUP(R11,Sheet2!$B$1:$C$9,2,FALSE) -> #N/A | U11: =$K11+$N11+$Q11+$T11 -> 0 | AD11: =IF($AA11>$Z11,"เกินกำหนด","ทันกำหนด") -> ทันกำหนด
A12: 9 | G12: =$E12-$F12 -> 0 | H12: =IF($G12=0,"ครบ","ไม่ครบ") -> ครบ | J12: =VLOOKUP(I12,Sheet2!$B$1:$C$9,2,FALSE) -> #N/A | M12: =VLOOKUP(L12,Sheet2!$B$1:$C$9,2,FALSE) -> #N/A | P12: =VLOOKUP(O12,Sheet2!$B$1:$C$9,2,FALSE) -> #N/A | S12: =VLOOKUP(R12,Sheet2!$B$1:$C$9,2,FALSE) -> #N/A | U12: =$K12+$N12+$Q12+$T12 -> 0 | AD12: =IF($AA12>$Z12,"เกินกำหนด","ทันกำหนด") -> ทันกำหนด
A13: 10 | G13: =$E13-$F13 -> 0 | H13: =IF($G13=0,"ครบ","ไม่ครบ") -> ครบ | J13: =VLOOKUP(I13,Sheet2!$B$1:$C$9,2,FALSE) -> #N/A | M13: =VLOOKUP(L13,Sheet2!$B$1:$C$9,2,FALSE) -> #N/A | P13: =VLOOKUP(O13,Sheet2!$B$1:$C$9,2,FALSE) -> #N/A | S13: =VLOOKUP(R13,Sheet2!$B$1:$C$9,2,FALSE) -> #N/A | U13: =$K13+$N13+$Q13+$T13 -> 0 | AD13: =IF($AA13>$Z13,"เกินกำหนด","ทันกำหนด") -> ทันกำหนด
A14: 11 | G14: =$E14-$F14 -> 0 | H14: =IF($G14=0,"ครบ","ไม่ครบ") -> ครบ | J14: =VLOOKUP(I14,Sheet2!$B$1:$C$9,2,FALSE) -> #N/A | M14: =VLOOKUP(L14,Sheet2!$B$1:$C$9,2,FALSE) -> #N/A | P14: =VLOOKUP(O14,Sheet2!$B$1:$C$9,2,FALSE) -> #N/A | S14: =VLOOKUP(R14,Sheet2!$B$1:$C$9,2,FALSE) -> #N/A | U14: =$K14+$N14+$Q14+$T14 -> 0 | AD14: =IF($AA14>$Z14,"เกินกำหนด","ทันกำหนด") -> ทันกำหนด
A15: 12 | G15: =$E15-$F15 -> 0 | H15: =IF($G15=0,"ครบ","ไม่ครบ") -> ครบ | J15: =VLOOKUP(I15,Sheet2!$B$1:$C$9,2,FALSE) -> #N/A | M15: =VLOOKUP(L15,Sheet2!$B$1:$C$9,2,FALSE) -> #N/A | P15: =VLOOKUP(O15,Sheet2!$B$1:$C$9,2,FALSE) -> #N/A | S15: =VLOOKUP(R15,Sheet2!$B$1:$C$9,2,FALSE) -> #N/A | U15: =$K15+$N15+$Q15+$T15 -> 0 | AD15: =IF($AA15>$Z15,"เกินกำหนด","ทันกำหนด") -> ทันกำหนด
... A603: 600 | G603: =$E603-$F603 -> 0 | H603: =IF($G603=0,"ครบ","ไม่ครบ") -> ครบ | J603: =VLOOKUP(I603,Sheet2!$B$1:$C$9,2,FALSE) -> #N/A | M603: =VLOOKUP(L603,Sheet2!$B$1:$C$9,2,FALSE) -> #N/A | P603: =VLOOKUP(O603,Sheet2!$B$1:$C$9,2,FALSE) -> #N/A | S603: =VLOOKUP(R603,Sheet2!$B$1:$C$9,2,FALSE) -> #N/A | U603: =$K603+$N603+$Q603+$T603 -> 0 | AD603: =IF($AA603>$Z603,"เกินกำหนด","ทันกำหนด") -> ทันกำหนด
C604: =SUBTOTAL(103,C4:C603) -> 0 | E604: =SUBTOTAL(9,E4:E603) -> 0 | AD604: =COUNTIF($AD$4:$AD603,"เกินกำหนด") -> 0 | AE604: =SUM(AE4:AE603) -> 0 | AF604: =SUM(AF4:AF603) -> 0 | AG604: =SUM(AG4:AG603) -> 0
C606: จำนวนแบบทั้งหมด (DWG) | D606: =C604 -> 0
C607: จำนวนชิ้นงานทั้งหมด (ชิ้น) | D607: =E604 -> 0
C608: จำนวนงานที่ส่งเกินกำหนด (DWG) | D608: =AD604 -> 0
C609: จำนวนงานที่ส่งตามกำหนด (DWG) | D609: =$D606-$D608 -> 0
C610: จำนวนงานที่ผิดพลาด (DWG) | D610: =AE604 -> 0
C611: KPI ส่งมอบ มากกว่า 90 % | D611: =($D609/$D606)*100 -> #DIV/0! | E611: =IF(D611>=90,"ผ่าน","ไม่ผ่าน") -> #DIV/0!
C612: KPI งานผิดพลาด น้อยกว่า 5 % | D612: =($D610/$D607)*100 -> #DIV/0! | E612: =IF(D612<=5,"ผ่าน","ไม่ผ่าน") -> #DIV/0!
C616: =SUBTOTAL(103,C4:C603) -> 0 | E616: =SUBTOTAL(9,E4:E603) -> 0
D618: \

Sheet JAN
A1: Status On Plan Work Shop
A2: ลำดับ | B2: วันที่ | C2: JOB | D2: DWG.Name | E2: จำนวนชิ้น | F2: เสร็จแล้ว | G2: ยังไม่เสร็จ | H2: สถานะ | I2: PROCESS | J2: ผู้รับผิดชอบ | K2: เวลา/ช.ม/นาที | L2: PROCESS | M2: ผู้รับผิดชอบ | N2: เวลา/ช.ม/นาที | O2: PROCESS | P2: ผู้รับผิดชอบ | Q2: เวลา/ช.ม/นาที | R2: PROCESS | S2: ผู้รับผิดชอบ | T2: เวลา/ช.ม/นาที | U2: เวลารวม | V2: OUTSOURCE | Y2: ผู้ส่งแบบ | Z2: กำหนดส่ง | AA2: วันเสร็จจริง | AB2: ผู้รับ | AC2: วันที่รับ | AD2: KPI ส่งมอบ | AE2: แก้ไข(ชิ้น) | AG2: ราคาแมท ขึ้นใหม่ | AH2: Remark
A3: ลำดับ | B3: วันที่ | C3: JOB | D3: DWG.Name | E3: จำนวนชิ้น | F3: เสร็จแล้ว | G3: ยังไม่เสร็จ | H3: สถานะ | I3: PROCESS | J3: ผู้รับผิดชอบ | K3: เวลา/ช.ม/นาที | L3: PROCESS | M3: ผู้รับผิดชอบ | N3: เวลา/ช.ม/นาที | O3: PROCESS | P3: ผู้รับผิดชอบ | Q3: เวลา/ช.ม/นาที | R3: PROCESS | S3: ผู้รับผิดชอบ | T3: เวลา/ช.ม/นาที | U3: เวลารวม | V3: Process | W3: Process | X3: Coating /Heat Treatment | Y3: ผู้ส่งแบบ | Z3: กำหนดส่ง | AA3: วันเสร็จจริง | AB3: ผู้รับ | AC3: วันที่รับ | AE3: แก้ไขได้ | AF3: ขึ้นใหม่
A4: 1 | B4: 46027 | C4: JA-2679-001-01 | D4: FIXTURE MODEL M2070-019 | E4: 20 | F4: 20 | G4: =$E4-$F4 -> 0 | H4: =IF($G4=0,"ครบ","ไม่ครบ") -> ครบ | I4: LATHE 1 | J4: =VLOOKUP(I4,Sheet2!$B$1:$C$9,2,FALSE) -> ชาญชัย | K4: 0.083333333 | M4: =VLOOKUP(L4,Sheet2!$B$1:$C$9,2,FALSE) -> #N/A | P4: =VLOOKUP(O4,Sheet2!$B$1:$C$9,2,FALSE) -> #N/A | S4: =VLOOKUP(R4,Sheet2!$B$1:$C$9,2,FALSE) -> #N/A | U4: =$K4+$N4+$Q4+$T4 -> 0.083333333 | Y4: คุณปฐมพงษ์ | Z4: 46036 | AA4: 46029 | AB4: คุณปฐมพงษ์ | AC4: 46034 | AD4: =IF($AA4>$Z4,"เกินกำหนด","ทันกำหนด") -> ทันกำหนด
A5: 2 | B5: 46027 | C5: JE-0679-020-01_Modify | D5: Cover Structure A 679-06 | E5: 2 | F5: 2 | G5: =$E5-$F5 -> 0 | H5: =IF($G5=0,"ครบ","ไม่ครบ") -> ครบ | I5: SPAR | J5: =VLOOKUP(I5,Sheet2!$B$1:$C$9,2,FALSE) -> ธนาพล | K5: 0.020833333 | M5: =VLOOKUP(L5,Sheet2!$B$1:$C$9,2,FALSE) -> #N/A | P5: =VLOOKUP(O5,Sheet2!$B$1:$C$9,2,FALSE) -> #N/A | S5: =VLOOKUP(R5,Sheet2!$B$1:$C$9,2,FALSE) -> #N/A | U5: =$K5+$N5+$Q5+$T5 -> 0.020833333 | Y5: คุณสิทธิโชค | Z5: 46030 | AA5: 46027 | AB5: คุณสิทธิโชค | AC5: 46028 | AD5: =IF($AA5>$Z5,"เกินกำหนด","ทันกำหนด") -> ทันกำหนด
A6: 3 | B6: 46027 | C6: JE-0679-020-02 | D6: Pick and Place Tray 679-15 | E6: 1 | F6: 1 | G6: =$E6-$F6 -> 0 | H6: =IF($G6=0,"ครบ","ไม่ครบ") -> ครบ | I6: CAM 2 | J6: =VLOOKUP(I6,Sheet2!$B$1:$C$9,2,FALSE) -> สุขสันต์ | K6: 0.034722222 | L6: CNC 2 | M6: รังสรรค์ | N6: 0.083333333 | O6: ML 2 | P6: =VLOOKUP(O6,Sheet2!$B$1:$C$9,2,FALSE) -> จักรกฤษณ์ | Q6: 0.041666667 | S6: =VLOOKUP(R6,Sheet2!$B$1:$C$9,2,FALSE) -> #N/A | U6: =$K6+$N6+$Q6+$T6 -> 0.15972222 | Y6: คุณสิทธิโชค | Z6: 46044 | AA6: 46041 | AB6: คุณสิทธิโชค | AC6: 46072 | AD6: =IF($AA6>$Z6,"เกินกำหนด","ทันกำหนด") -> ทันกำหนด
A7: 4 | B7: 46027 | C7: JE-0679-020-03 | D7: Pick and Place Tray 679-16 | E7: 1 | F7: 1 | G7: =$E7-$F7 -> 0 | H7: =IF($G7=0,"ครบ","ไม่ครบ") -> ครบ | I7: CAM 2 | J7: =VLOOKUP(I7,Sheet2!$B$1:$C$9,2,FALSE) -> สุขสันต์ | K7: 0.013888889 | L7: CNC 2 | M7: รังสรรค์ | N7: 0.083333333 | P7: =VLOOKUP(O7,Sheet2!$B$1:$C$9,2,FALSE) -> #N/A | S7: =VLOOKUP(R7,Sheet2!$B$1:$C$9,2,FALSE) -> #N/A | U7: =$K7+$N7+$Q7+$T7 -> 0.097222222 | Y7: คุณสิทธิโชค | Z7: 46044 | AA7: 46035 | AB7: คุณสิทธิโชค | AC7: 46072 | AD7: =IF($AA7>$Z7,"เกินกำหนด","ทันกำหนด") -> ทันกำหนด
A8: 5 | B8: 46027 | C8: JE-0679-020-04 | D8: Pick and Place Tray 679-17 | E8: 1 | F8: 1 | G8: =$E8-$F8 -> 0 | H8: =IF($G8=0,"ครบ","ไม่ครบ") -> ครบ | I8: CAM 2 | J8: =VLOOKUP(I8,Sheet2!$B$1:$C$9,2,FALSE) -> สุขสันต์ | K8: 0.020833333 | L8: CNC 3 | M8: รังสรรค์ | N8: 0.083333333 | P8: =VLOOKUP(O8,Sheet2!$B$1:$C$9,2,FALSE) -> #N/A | S8: =VLOOKUP(R8,Sheet2!$B$1:$C$9,2,FALSE) -> #N/A | U8: =$K8+$N8+$Q8+$T8 -> 0.10416667 | Y8: คุณสิทธิโชค | Z8: 46044 | AA8: 46041 | AB8: คุณสิทธิโชค | AC8: 46072 | AD8: =IF($AA8>$Z8,"เกินกำหนด","ทันกำหนด") -> ทันกำหนด
A9: 6 | B9: 46027 | C9: JE-0679-020-05 | D9: Pick and Place Tray 679-18 | E9: 2 | F9: 2 | G9: =$E9-$F9 -> 0 | H9: =IF($G9=0,"ครบ","ไม่ครบ") -> ครบ | I9: CAM 2 | J9: =VLOOKUP(I9,Sheet2!$B$1:$C$9,2,FALSE) -> สุขสันต์ | K9: 0.034722222 | L9: CNC 3 | M9: รังสรรค์ | N9: 0.083333333 | O9: ML 2 | P9: =VLOOKUP(O9,Sheet2!$B$1:$C$9,2,FALSE) -> จักรกฤษณ์ | Q9: 0.013888889 | S9: =VLOOKUP(R9,Sheet2!$B$1:$C$9,2,FALSE) -> #N/A | U9: =$K9+$N9+$Q9+$T9 -> 0.13194444 | Y9: คุณสิทธิโชค | Z9: 46044 | AA9: 46042 | AB9: คุณสิทธิโชค | AC9: 46072 | AD9: =IF($AA9>$Z9,"เกินกำหนด","ทันกำหนด") -> ทันกำหนด
A10: 7 | B10: 46027 | C10: JB-0369-006-01 | D10: ME-B0369-01-052-0039 | E10: 2 | F10: 2 | G10: =$E10-$F10 -> 0 | H10: =IF($G10=0,"ครบ","ไม่ครบ") -> ครบ | I10: LATHE 1 | J10: =VLOOKUP(I10,Sheet2!$B$1:$C$9,2,FALSE) -> ชาญชัย | K10: 0.027777778 | L10: ML 2 | M10: =VLOOKUP(L10,Sheet2!$B$1:$C$9,2,FALSE) -> จักรกฤษณ์ | N10: 0.041666667 | P10: =VLOOKUP(O10,Sheet2!$B$1:$C$9,2,FALSE) -> #N/A | S10: =VLOOKUP(R10,Sheet2!$B$1:$C$9,2,FALSE) -> #N/A | U10: =$K10+$N10+$Q10+$T10 -> 0.069444444 | Y10: คุณณัฐนนท์ | Z10: 46041 | AA10: 46034 | AB10: ส่ง BU 2 | AC10: 46038 | AD10: =IF($AA10>$Z10,"เกินกำหนด","ทันกำหนด") -> ทันกำหนด
A11: 8 | B11: 46028 | C11: JE-0702-002-01_Modify | D11: BLADE HOLDER-MIRROR - MODIFY | E11: 1 | F11: 1 | G11: =$E11-$F11 -> 0 | H11: =IF($G11=0,"ครบ","ไม่ครบ") -> ครบ | I11: CAM 2 | J11: =VLOOKUP(I11,Sheet2!$B$1:$C$9,2,FALSE) -> สุขสันต์ | K11: 0.013888889 | L11: CNC 5 | M11: สุขสันต์ | N11: 0.055555556 | P11: =VLOOKUP(O11,Sheet2!$B$1:$C$9,2,FALSE) -> #N/A | S11: =VLOOKUP(R11,Sheet2!$B$1:$C$9,2,FALSE) -> #N/A | U11: =$K11+$N11+$Q11+$T11 -> 0.069444444 | Y11: คุณพงศ์ศิริ | Z11: 46029 | AA11: 46028 | AB11: คุณมานิตย์ | AC11: 46028 | AD11: =IF($AA11>$Z11,"เกินกำหนด","ทันกำหนด") -> ทันกำหนด
A12: 9 | B12: 46028 | C12: JE-0702-002-02_Modify | D12: FLANK PLATE HY - 2 FAC4 - modify | E12: 1 | F12: 1 | G12: =$E12-$F12 -> 0 | H12: =IF($G12=0,"ครบ","ไม่ครบ") -> ครบ | I12: ML 2 | J12: =VLOOKUP(I12,Sheet2!$B$1:$C$9,2,FALSE) -> จักรกฤษณ์ | K12: 0.041666667 | M12: =VLOOKUP(L12,Sheet2!$B$1:$C$9,2,FALSE) -> #N/A | P12: =VLOOKUP(O12,Sheet2!$B$1:$C$9,2,FALSE) -> #N/A | S12: =VLOOKUP(R12,Sheet2!$B$1:$C$9,2,FALSE) -> #N/A | U12: =$K12+$N12+$Q12+$T12 -> 0.041666667 | Y12: คุณพงศ์ศิริ | Z12: 46029 | AA12: 46028 | AB12: คุณมานิตย์ | AC12: 46029 | AD12: =IF($AA12>$Z12,"เกินกำหนด","ทันกำหนด") -> ทันกำหนด
A13: 10 | B13: 46028 | C13: JA-2679-001-02 | D13: FIXTURE MODEL M2070-026 | E13: 1 | F13: 1 | G13: =$E13-$F13 -> 0 | H13: =IF($G13=0,"ครบ","ไม่ครบ") -> ครบ | I13: SPAR | J13: =VLOOKUP(I13,Sheet2!$B$1:$C$9,2,FALSE) -> ธนาพล | K13: 0.041666667 | M13: =VLOOKUP(L13,Sheet2!$B$1:$C$9,2,FALSE) -> #N/A | P13: =VLOOKUP(O13,Sheet2!$B$1:$C$9,2,FALSE) -> #N/A | S13: =VLOOKUP(R13,Sheet2!$B$1:$C$9,2,FALSE) -> #N/A | U13: =$K13+$N13+$Q13+$T13 -> 0.041666667 | Y13: คุณปฐมพงษ์ | Z13: 46029 | AA13: 46028 | AB13: คุณปฐมพงษ์ | AC13: 46029 | AD13: =IF($AA13>$Z13,"เกินกำหนด","ทันกำหนด") -> ทันกำหนด
A14: 11 | B14: 46029 | C14: JA-2660-003-01 | D14: FIXTURE MODEL M2070-010-1 | E14: 3 | F14: 3 | G14: =$E14-$F14 -> 0 | H14: =IF($G14=0,"ครบ","ไม่ครบ") -> ครบ | I14: CAM 2 | J14: =VLOOKUP(I14,Sheet2!$B$1:$C$9,2,FALSE) -> สุขสันต์ | K14: 0.052083333 | L14: CNC 4 | M14: ชนาธิศ | N14: 0.25 | P14: =VLOOKUP(O14,Sheet2!$B$1:$C$9,2,FALSE) -> #N/A | S14: =VLOOKUP(R14,Sheet2!$B$1:$C$9,2,FALSE) -> #N/A | U14: =$K14+$N14+$Q14+$T14 -> 0.30208333 | Y14: คุณปฐมพงษ์ | Z14: 46031 | AA14: 46029 | AB14: คุณปฐมพงษ์ | AC14: 46030 | AD14: =IF($AA14>$Z14,"เกินกำหนด","ทันกำหนด") -> ทันกำหนด
A15: 12 | B15: 46029 | C15: JB-0369-006-02_Modify | D15: ME-B0369-01-052-0008 | E15: 4 | F15: 4 | G15: =$E15-$F15 -> 0 | H15: =IF($G15=0,"ครบ","ไม่ครบ") -> ครบ | I15: LATHE 1 | J15: =VLOOKUP(I15,Sheet2!$B$1:$C$9,2,FALSE) -> ชาญชัย | K15: 0.020833333 | M15: =VLOOKUP(L15,Sheet2!$B$1:$C$9,2,FALSE) -> #N/A | P15: =VLOOKUP(O15,Sheet2!$B$1:$C$9,2,FALSE) -> #N/A | S15: =VLOOKUP(R15,Sheet2!$B$1:$C$9,2,FALSE) -> #N/A | U15: =$K15+$N15+$Q15+$T15 -> 0.020833333 | Y15: คุณณัฐนนท์ | Z15: 46030 | AA15: 46029 | AB15: คุณภาณุวัฒน์ | AC15: 46030 | AD15: =IF($AA15>$Z15,"เกินกำหนด","ทันกำหนด") -> ทันกำหนด
A16: 13 | B16: 46029 | C16: JA-2683-001-01 | D16: IPU KIT FOR M2014-001 | E16: 1 | F16: 1 | G16: =$E16-$F16 -> 0 | H16: =IF($G16=0,"ครบ","ไม่ครบ") -> ครบ | I16: SPAR | J16: =VLOOKUP(I16,Sheet2!$B$1:$C$9,2,FALSE) -> ธนาพล | K16: 0.048611111 | L16: CAM 1 | M16: =VLOOKUP(L16,Sheet2!$B$1:$C$9,2,FALSE) -> เพลินชัย | N16: 0.034722222 | O16: CNC 2 | P16: เพลินชัย | Q16: 0.125 | S16: =VLOOKUP(R16,Sheet2!$B$1:$C$9,2,FALSE) -> #N/A | U16: =$K16+$N16+$Q16+$T16 -> 0.20833333 | Y16: คุณปฐมพงษ์ | Z16: 46052 | AA16: 46049 | AB16: คุณปฐมพงษ์ | AC16: 46052 | AD16: =IF($AA16>$Z16,"เกินกำหนด","ทันกำหนด") -> ทันกำหนด
A17: 14 | B17: 46029 | C17: JA-2683-001-02 | D17: IPU KIT FOR M2014-002 | E17: 1 | F17: 1 | G17: =$E17-$F17 -> 0 | H17: =IF($G17=0,"ครบ","ไม่ครบ") -> ครบ | I17: SPAR | J17: =VLOOKUP(I17,Sheet2!$B$1:$C$9,2,FALSE) -> ธนาพล | K17: 0.027777778 | L17: CAM 1 | M17: =VLOOKUP(L17,Sheet2!$B$1:$C$9,2,FALSE) -> เพลินชัย | N17: 0.020833333 | O17: CNC 3 | P17: รังสรรค์ | Q17: 0.083333333 | S17: =VLOOKUP(R17,Sheet2!$B$1:$C$9,2,FALSE) -> #N/A | U17: =$K17+$N17+$Q17+$T17 -> 0.13194444 | Y17: คุณปฐมพงษ์ | Z17: 46052 | AA17: 46045 | AB17: คุณปฐมพงษ์ | AC17: 46052 | AD17: =IF($AA17>$Z17,"เกินกำหนด","ทันกำหนด") -> ทันกำหนด
A18: 15 | B18: 46029 | C18: JA-2683-001-03 | D18: IPU KIT FOR M2014-003 | E18: 1 | F18: 1 | G18: =$E18-$F18 -> 0 | H18: =IF($G18=0,"ครบ","ไม่ครบ") -> ครบ | I18: SPAR | J18: =VLOOKUP(I18,Sheet2!$B$1:$C$9,2,FALSE) -> ธนาพล | K18: 0.027777778 | L18: CAM 1 | M18: =VLOOKUP(L18,Sheet2!$B$1:$C$9,2,FALSE) -> เพลินชัย | N18: 0.020833333 | O18: CNC 3 | P18: รังสรรค์ | Q18: 0.083333333 | S18: =VLOOKUP(R18,Sheet2!$B$1:$C$9,2,FALSE) -> #N/A | U18: =$K18+$N18+$Q18+$T18 -> 0.13194444 | Y18: คุณปฐมพงษ์ | Z18: 46052 | AA18: 46044 | AB18: คุณปฐมพงษ์ | AC18: 46052 | AD18: =IF($AA18>$Z18,"เกินกำหนด","ทันกำหนด") -> ทันกำหนด
A19: 16 | B19: 46029 | C19: JA-2683-001-04 | D19: IPU KIT FOR M2014-004 | E19: 1 | F19: 1 | G19: =$E19-$F19 -> 0 | H19: =IF($G19=0,"ครบ","ไม่ครบ") -> ครบ | I19: SPAR | J19: =VLOOKUP(I19,Sheet2!$B$1:$C$9,2,FALSE) -> ธนาพล | K19: 0.010416667 | L19: ML 1 | M19: =VLOOKUP(L19,Sheet2!$B$1:$C$9,2,FALSE) -> วินัย | N19: 0.024305556 | O19: ML 3 | P19: =VLOOKUP(O19,Sheet2!$B$1:$C$9,2,FALSE) -> สรายุทธ | Q19: 0.024305556 | S19: =VLOOKUP(R19,Sheet2!$B$1:$C$9,2,FALSE) -> #N/A | U19: =$K19+$N19+$Q19+$T19 -> 0.059027778 | Y19: คุณปฐมพงษ์ | Z19: 46052 | AA19: 46042 | AB19: คุณปฐมพงษ์ | AC19: 46052 | AD19: =IF($AA19>$Z19,"เกินกำหนด","ทันกำหนด") -> ทันกำหนด
A20: 17 | B20: 46029 | C20: JA-2683-001-05 | D20: IPU KIT FOR M2014-005 | E20: 1 | F20: 1 | G20: =$E20-$F20 -> 0 | H20: =IF($G20=0,"ครบ","ไม่ครบ") -> ครบ | I20: CAM 2 | J20: =VLOOKUP(I20,Sheet2!$B$1:$C$9,2,FALSE) -> สุขสันต์ | K20: 0.020833333 | L20: CNC 4 | M20: ชนาธิศ | N20: 0.013888889 | P20: =VLOOKUP(O20,Sheet2!$B$1:$C$9,2,FALSE) -> #N/A | S20: =VLOOKUP(R20,Sheet2!$B$1:$C$9,2,FALSE) -> #N/A | U20: =$K20+$N20+$Q20+$T20 -> 0.034722222 | Y20: คุณปฐมพงษ์ | Z20: 46052 | AA20: 46050 | AB20: คุณปฐมพงษ์ | AC20: 46052 | AD20: =IF($AA20>$Z20,"เกินกำหนด","ทันกำหนด") -> ทันกำหนด
A21: 18 | B21: 46029 | C21: JA-2683-001-06 | D21: IPU KIT FOR M2014-006 | E21: 2 | F21: 2 | G21: =$E21-$F21 -> 0 | H21: =IF($G21=0,"ครบ","ไม่ครบ") -> ครบ | I21: LATHE 1 | J21: =VLOOKUP(I21,Sheet2!$B$1:$C$9,2,FALSE) -> ชาญชัย | K21: 0.020833333 | L21: ML 2 | M21: =VLOOKUP(L21,Sheet2!$B$1:$C$9,2,FALSE) -> จักรกฤษณ์ | N21: 0.013888889 | P21: =VLOOKUP(O21,Sheet2!$B$1:$C$9,2,FALSE) -> #N/A | S21: =VLOOKUP(R21,Sheet2!$B$1:$C$9,2,FALSE) -> #N/A | U21: =$K21+$N21+$Q21+$T21 -> 0.034722222 | Y21: คุณปฐมพงษ์ | Z21: 46052 | AA21: 46036 | AB21: คุณปฐมพงษ์ | AC21: 46052 | AD21: =IF($AA21>$Z21,"เกินกำหนด","ทันกำหนด") -> ทันกำหนด
A22: 19 | B22: 46029 | C22: JA-2683-001-07 | D22: IPU KIT FOR M2014-007 | E22: 1 | F22: 1 | G22: =$E22-$F22 -> 0 | H22: =IF($G22=0,"ครบ","ไม่ครบ") -> ครบ | I22: ML 1 | J22: =VLOOKUP(I22,Sheet2!$B$1:$C$9,2,FALSE) -> วินัย | K22: 0.017361111 | L22: ML 3 | M22: =VLOOKUP(L22,Sheet2!$B$1:$C$9,2,FALSE) -> สรายุทธ | N22: 0.027777778 | P22: =VLOOKUP(O22,Sheet2!$B$1:$C$9,2,FALSE) -> #N/A | S22: =VLOOKUP(R22,Sheet2!$B$1:$C$9,2,FALSE) -> #N/A | U22: =$K22+$N22+$Q22+$T22 -> 0.045138889 | Y22: คุณปฐมพงษ์ | Z22: 46052 | AA22: 46043 | AB22: คุณปฐมพงษ์ | AC22: 46052 | AD22: =IF($AA22>$Z22,"เกินกำหนด","ทันกำหนด") -> ทันกำหนด
A23: 20 | B23: 46029 | C23: JA-2683-001-08 | D23: IPU KIT FOR M2014-008 | E23: 2 | F23: 2 | G23: =$E23-$F23 -> 0 | H23: =IF($G23=0,"ครบ","ไม่ครบ") -> ครบ | I23: LATHE 1 | J23: =VLOOKUP(I23,Sheet2!$B$1:$C$9,2,FALSE) -> ชาญชัย | K23: 0.020833333 | M23: =VLOOKUP(L23,Sheet2!$B$1:$C$9,2,FALSE) -> #N/A | P23: =VLOOKUP(O23,Sheet2!$B$1:$C$9,2,FALSE) -> #N/A | S23: =VLOOKUP(R23,Sheet2!$B$1:$C$9,2,FALSE) -> #N/A | U23: =$K23+$N23+$Q23+$T23 -> 0.020833333 | Y23: คุณปฐมพงษ์ | Z23: 46052 | AA23: 46031 | AB23: คุณปฐมพงษ์ | AC23: 46052 | AD23: =IF($AA23>$Z23,"เกินกำหนด","ทันกำหนด") -> ทันกำหนด
A24: 21 | B24: 46029 | C24: JA-2683-001-09 | D24: IPU KIT FOR M2014-010 | E24: 1 | F24: 1 | G24: =$E24-$F24 -> 0 | H24: =IF($G24=0,"ครบ","ไม่ครบ") -> ครบ | I24: CAM 2 | J24: =VLOOKUP(I24,Sheet2!$B$1:$C$9,2,FALSE) -> สุขสันต์ | K24: 0.020833333 | L24: CNC 4 | M24: ชนาธิศ | N24: 0.027777778 | P24: =VLOOKUP(O24,Sheet2!$B$1:$C$9,2,FALSE) -> #N/A | S24: =VLOOKUP(R24,Sheet2!$B$1:$C$9,2,FALSE) -> #N/A | U24: =$K24+$N24+$Q24+$T24 -> 0.048611111 | Y24: คุณปฐมพงษ์ | Z24: 46052 | AA24: 46037 | AB24: คุณปฐมพงษ์ | AC24: 46052 | AD24: =IF($AA24>$Z24,"เกินกำหนด","ทันกำหนด") -> ทันกำหนด
A25: 22 | B25: 46029 | C25: JA-2683-001-10 | D25: IPU KIT FOR M2014-011 | E25: 1 | F25: 1 | G25: =$E25-$F25 -> 0 | H25: =IF($G25=0,"ครบ","ไม่ครบ") -> ครบ | I25: CAM 2 | J25: =VLOOKUP(I25,Sheet2!$B$1:$C$9,2,FALSE) -> สุขสันต์ | K25: 0.020833333 | L25: CNC 4 | M25: ชนาธิศ | N25: 0.020833333 | P25: =VLOOKUP(O25,Sheet2!$B$1:$C$9,2,FALSE) -> #N/A | S25: =VLOOKUP(R25,Sheet2!$B$1:$C$9,2,FALSE) -> #N/A | U25: =$K25+$N25+$Q25+$T25 -> 0.041666667 | Y25: คุณปฐมพงษ์ | Z25: 46052 | AA25: 46037 | AB25: คุณปฐมพงษ์ | AC25: 46052 | AD25: =IF($AA25>$Z25,"เกินกำหนด","ทันกำหนด") -> ทันกำหนด
A26: 23 | B26: 46029 | C26: JA-2683-001-11 | D26: IPU KIT FOR M2014-012 | E26: 1 | F26: 1 | G26: =$E26-$F26 -> 0 | H26: =IF($G26=0,"ครบ","ไม่ครบ") -> ครบ | I26: CAM 2 | J26: =VLOOKUP(I26,Sheet2!$B$1:$C$9,2,FALSE) -> สุขสันต์ | K26: 0.020833333 | L26: CNC 4 | M26: สุขสันต์ | N26: 0.069444444 | P26: =VLOOKUP(O26,Sheet2!$B$1:$C$9,2,FALSE) -> #N/A | S26: =VLOOKUP(R26,Sheet2!$B$1:$C$9,2,FALSE) -> #N/A | U26: =$K26+$N26+$Q26+$T26 -> 0.090277778 | Y26: คุณปฐมพงษ์ | Z26: 46052 | AA26: 46036 | AB26: คุณปฐมพงษ์ | AC26: 46052 | AD26: =IF($AA26>$Z26,"เกินกำหนด","ทันกำหนด") -> ทันกำหนด
A27: 24 | B27: 46029 | C27: JA-2683-001-12 | D27: IPU KIT FOR M2014-013 | E27: 4 | F27: 4 | G27: =$E27-$F27 -> 0 | H27: =IF($G27=0,"ครบ","ไม่ครบ") -> ครบ | I27: SPAR | J27: =VLOOKUP(I27,Sheet2!$B$1:$C$9,2,FALSE) -> ธนาพล | K27: 0.020833333 | L27: ML 1 | M27: =VLOOKUP(L27,Sheet2!$B$1:$C$9,2,FALSE) -> วินัย | N27: 0.097222222 | O27: ML 3 | P27: =VLOOKUP(O27,Sheet2!$B$1:$C$9,2,FALSE) -> สรายุทธ | Q27: 0.013888889 | S27: =VLOOKUP(R27,Sheet2!$B$1:$C$9,2,FALSE) -> #N/A | U27: =$K27+$N27+$Q27+$T27 -> 0.13194444 | Y27: คุณปฐมพงษ์ | Z27: 46052 | AA27: 46042 | AB27: คุณปฐมพงษ์ | AC27: 46052 | AD27: =IF($AA27>$Z27,"เกินกำหนด","ทันกำหนด") -> ทันกำหนด
A28: 25 | B28: 46029 | C28: JA-2683-001-13 | D28: IPU KIT FOR M2014-014 | E28: 1 | F28: 1 | G28: =$E28-$F28 -> 0 | H28: =IF($G28=0,"ครบ","ไม่ครบ") -> ครบ | I28: CAM 2 | J28: =VLOOKUP(I28,Sheet2!$B$1:$C$9,2,FALSE) -> สุขสันต์ | K28: 0.010416667 | L28: CNC 4 | M28: ชนาธิศ | N28: 0.034722222 | P28: =VLOOKUP(O28,Sheet2!$B$1:$C$9,2,FALSE) -> #N/A | S28: =VLOOKUP(R28,Sheet2!$B$1:$C$9,2,FALSE) -> #N/A | U28: =$K28+$N28+$Q28+$T28 -> 0.045138889 | Y28: คุณปฐมพงษ์ | Z28: 46052 | AA28: 46036 | AB28: คุณปฐมพงษ์ | AC28: 46052 | AD28: =IF($AA28>$Z28,"เกินกำหนด","ทันกำหนด") -> ทันกำหนด
A29: 26 | B29: 46029 | C29: JA-2683-001-14 | D29: IPU KIT FOR M2014-015 | E29: 2 | F29: 2 | G29: =$E29-$F29 -> 0 | H29: =IF($G29=0,"ครบ","ไม่ครบ") -> ครบ | I29: CAM 2 | J29: =VLOOKUP(I29,Sheet2!$B$1:$C$9,2,FALSE) -> สุขสันต์ | K29: 0.010416667 | L29: CNC 4 | M29: สุขสันต์ | N29: 0.020833333 | P29: =VLOOKUP(O29,Sheet2!$B$1:$C$9,2,FALSE) -> #N/A | S29: =VLOOKUP(R29,Sheet2!$B$1:$C$9,2,FALSE) -> #N/A | U29: =$K29+$N29+$Q29+$T29 -> 0.03125 | Y29: คุณปฐมพงษ์ | Z29: 46052 | AA29: 46036 | AB29: คุณปฐมพงษ์ | AC29: 46052 | AD29: =IF($AA29>$Z29,"เกินกำหนด","ทันกำหนด") -> ทันกำหนด
A30: 27 | B30: 46029 | C30: JA-2683-001-15 | D30: IPU KIT FOR M2014-017 | E30: 1 | F30: 1 | G30: =$E30-$F30 -> 0 | H30: =IF($G30=0,"ครบ","ไม่ครบ") -> ครบ | I30: SPAR | J30: =VLOOKUP(I30,Sheet2!$B$1:$C$9,2,FALSE) -> ธนาพล | K30: 0.010416667 | L30: ML 1 | M30: =VLOOKUP(L30,Sheet2!$B$1:$C$9,2,FALSE) -> วินัย | N30: 0.0625 | O30: CAM 2 | P30: =VLOOKUP(O30,Sheet2!$B$1:$C$9,2,FALSE) -> สุขสันต์ | Q30: 0.0069444444 | R30: CNC 4 | S30: ชนาธิศ | T30: 0.010416667 | U30: =$K30+$N30+$Q30+$T30 -> 0.090277778 | Y30: คุณปฐมพงษ์ | Z30: 46052 | AA30: 46044 | AB30: คุณปฐมพงษ์ | AC30: 46052 | AD30: =IF($AA30>$Z30,"เกินกำหนด","ทันกำหนด") -> ทันกำหนด
A31: 28 | B31: 46029 | C31: JA-2683-001-16 | D31: IPU KIT FOR M2014-018 | E31: 1 | F31: 1 | G31: =$E31-$F31 -> 0 | H31: =IF($G31=0,"ครบ","ไม่ครบ") -> ครบ | I31: CAM 2 | J31: =VLOOKUP(I31,Sheet2!$B$1:$C$9,2,FALSE) -> สุขสันต์ | K31: 0.013888889 | L31: CNC 4 | M31: สุขสันต์ | N31: 0.034722222 | P31: =VLOOKUP(O31,Sheet2!$B$1:$C$9,2,FALSE) -> #N/A | S31: =VLOOKUP(R31,Sheet2!$B$1:$C$9,2,FALSE) -> #N/A | U31: =$K31+$N31+$Q31+$T31 -> 0.048611111 | Y31: คุณปฐมพงษ์ | Z31: 46052 | AA31: 46036 | AB31: คุณปฐมพงษ์ | AC31: 46052 | AD31: =IF($AA31>$Z31,"เกินกำหนด","ทันกำหนด") -> ทันกำหนด
A32: 29 | B32: 46029 | C32: JA-2683-001-17 | D32: IPU KIT FOR M2014-019 | E32: 1 | F32: 1 | G32: =$E32-$F32 -> 0 | H32: =IF($G32=0,"ครบ","ไม่ครบ") -> ครบ | I32: CAM 2 | J32: =VLOOKUP(I32,Sheet2!$B$1:$C$9,2,FALSE) -> สุขสันต์ | K32: 0.034722222 | L32: CNC 4 | M32: สุขสันต์ | N32: 0.14583333 | P32: =VLOOKUP(O32,Sheet2!$B$1:$C$9,2,FALSE) -> #N/A | S32: =VLOOKUP(R32,Sheet2!$B$1:$C$9,2,FALSE) -> #N/A | U32: =$K32+$N32+$Q32+$T32 -> 0.18055556 | Y32: คุณปฐมพงษ์ | Z32: 46052 | AA32: 46039 | AB32: คุณปฐมพงษ์ | AC32: 46052 | AD32: =IF($AA32>$Z32,"เกินกำหนด","ทันกำหนด") -> ทันกำหนด
A33: 30 | B33: 46029 | C33: JA-2683-001-18 | D33: IPU KIT FOR M2014-020 | E33: 1 | F33: 1 | G33: =$E33-$F33 -> 0 | H33: =IF($G33=0,"ครบ","ไม่ครบ") -> ครบ | I33: CAM 2 | J33: =VLOOKUP(I33,Sheet2!$B$1:$C$9,2,FALSE) -> สุขสันต์ | K33: 0.020833333 | L33: CNC 4 | M33: ชนาธิศ | N33: 0.020833333 | P33: =VLOOKUP(O33,Sheet2!$B$1:$C$9,2,FALSE) -> #N/A | S33: =VLOOKUP(R33,Sheet2!$B$1:$C$9,2,FALSE) -> #N/A | U33: =$K33+$N33+$Q33+$T33 -> 0.041666667 | Y33: คุณปฐมพงษ์ | Z33: 46052 | AA33: 46050 | AB33: คุณปฐมพงษ์ | AC33: 46052 | AD33: =IF($AA33>$Z33,"เกินกำหนด","ทันกำหนด") -> ทันกำหนด
A34: 31 | B34: 46029 | C34: JA-2683-001-19 | D34: IPU KIT FOR M2014-021 | E34: 4 | F34: 4 | G34: =$E34-$F34 -> 0 | H34: =IF($G34=0,"ครบ","ไม่ครบ") -> ครบ | I34: LATHE 1 | J34: =VLOOKUP(I34,Sheet2!$B$1:$C$9,2,FALSE) -> ชาญชัย | K34: 0.041666667 | M34: =VLOOKUP(L34,Sheet2!$B$1:$C$9,2,FALSE) -> #N/A | P34: =VLOOKUP(O34,Sheet2!$B$1:$C$9,2,FALSE) -> #N/A | S34: =VLOOKUP(R34,Sheet2!$B$1:$C$9,2,FALSE) -> #N/A | U34: =$K34+$N34+$Q34+$T34 -> 0.041666667 | Y34: คุณปฐมพงษ์ | Z34: 46052 | AA34: 46034 | AB34: คุณปฐมพงษ์ | AC34: 46052 | AD34: =IF($AA34>$Z34,"เกินกำหนด","ทันกำหนด") -> ทันกำหนด
A35: 32 | B35: 46029 | C35: JA-2683-001-20 | D35: IPU KIT FOR M2014-022 | E35: 1 | F35: 1 | G35: =$E35-$F35 -> 0 | H35: =IF($G35=0,"ครบ","ไม่ครบ") -> ครบ | I35: CAM 2 | J35: =VLOOKUP(I35,Sheet2!$B$1:$C$9,2,FALSE) -> สุขสันต์ | K35: 0.024305556 | L35: CNC 4 | M35: ชนาธิศ | N35: 0.027777778 | P35: =VLOOKUP(O35,Sheet2!$B$1:$C$9,2,FALSE) -> #N/A | S35: =VLOOKUP(R35,Sheet2!$B$1:$C$9,2,FALSE) -> #N/A | U35: =$K35+$N35+$Q35+$T35 -> 0.052083333 | Y35: คุณปฐมพงษ์ | Z35: 46052 | AA35: 46050 | AB35: คุณปฐมพงษ์ | AC35: 46052 | AD35: =IF($AA35>$Z35,"เกินกำหนด","ทันกำหนด") -> ทันกำหนด
A36: 33 | B36: 46029 | C36: JA-2683-001-21 | D36: IPU KIT FOR M2014-023 | E36: 1 | F36: 1 | G36: =$E36-$F36 -> 0 | H36: =IF($G36=0,"ครบ","ไม่ครบ") -> ครบ | I36: ML 1 | J36: =VLOOKUP(I36,Sheet2!$B$1:$C$9,2,FALSE) -> วินัย | K36: 0.013888889 | L36: ML 3 | M36: =VLOOKUP(L36,Sheet2!$B$1:$C$9,2,FALSE) -> สรายุทธ | N36: 0.0069444444 | P36: =VLOOKUP(O36,Sheet2!$B$1:$C$9,2,FALSE) -> #N/A | S36: =VLOOKUP(R36,Sheet2!$B$1:$C$9,2,FALSE) -> #N/A | U36: =$K36+$N36+$Q36+$T36 -> 0.020833333 | Y36: คุณปฐมพงษ์ | Z36: 46052 | AA36: 46036 | AB36: คุณปฐมพงษ์ | AC36: 46052 | AD36: =IF($AA36>$Z36,"เกินกำหนด","ทันกำหนด") -> ทันกำหนด
A37: 34 | B37: 46029 | C37: JA-2680-001-01 | D37: Back plate | E37: 3 | F37: 3 | G37: =$E37-$F37 -> 0 | H37: =IF($G37=0,"ครบ","ไม่ครบ") -> ครบ | I37: SPAR | J37: =VLOOKUP(I37,Sheet2!$B$1:$C$9,2,FALSE) -> ธนาพล | K37: 0.055555556 | L37: CAM 1 | M37: =VLOOKUP(L37,Sheet2!$B$1:$C$9,2,FALSE) -> เพลินชัย | N37: 0.041666667 | O37: CNC 1 | P37: รังสรรค์ | Q37: 0.35416667 | S37: =VLOOKUP(R37,Sheet2!$B$1:$C$9,2,FALSE) -> #N/A | U37: =$K37+$N37+$Q37+$T37 -> 0.45138889 | Y37: คุณปฐมพงษ์ | Z37: 46055 | AA37: 46048 | AB37: คุณปฐมพงษ์ | AC37: 46056 | AD37: =IF($AA37>$Z37,"เกินกำหนด","ทันกำหนด") -> ทันกำหนด
A38: 35 | B38: 46029 | C38: JA-2680-001-02 | D38: Bar | E38: 12 | F38: 12 | G38: =$E38-$F38 -> 0 | H38: =IF($G38=0,"ครบ","ไม่ครบ") -> ครบ | I38: SPAR | J38: =VLOOKUP(I38,Sheet2!$B$1:$C$9,2,FALSE) -> ธนาพล | K38: 0.0625 | L38: CAM 1 | M38: =VLOOKUP(L38,Sheet2!$B$1:$C$9,2,FALSE) -> เพลินชัย | N38: 0.027777778 | O38: CNC 3 | P38: รังสรรค์ | Q38: 0.29166667 | R38: ML 1 | S38: =VLOOKUP(R38,Sheet2!$B$1:$C$9,2,FALSE) -> วินัย | T38: 0.041666667 | U38: =$K38+$N38+$Q38+$T38 -> 0.42361111 | Y38: คุณปฐมพงษ์ | Z38: 46055 | AA38: 46048 | AB38: คุณปฐมพงษ์ | AC38: 46056 | AD38: =IF($AA38>$Z38,"เกินกำหนด","ทันกำหนด") -> ทันกำหนด
A39: 36 | B39: 46029 | C39: JA-2680-001-03 | D39: Base copper | E39: 3 | F39: 3 | G39: =$E39-$F39 -> 0 | H39: =IF($G39=0,"ครบ","ไม่ครบ") -> ครบ | I39: CAM 2 | J39: =VLOOKUP(I39,Sheet2!$B$1:$C$9,2,FALSE) -> สุขสันต์ | K39: 0.010416667 | L39: CNC 4 | M39: ชนาธิศ | N39: 0.125 | P39: =VLOOKUP(O39,Sheet2!$B$1:$C$9,2,FALSE) -> #N/A | S39: =VLOOKUP(R39,Sheet2!$B$1:$C$9,2,FALSE) -> #N/A | U39: =$K39+$N39+$Q39+$T39 -> 0.13541667 | Y39: คุณปฐมพงษ์ | Z39: 46055 | AA39: 46041 | AB39: คุณปฐมพงษ์ | AC39: 46056 | AD39: =IF($AA39>$Z39,"เกินกำหนด","ทันกำหนด") -> ทันกำหนด
A40: 37 | B40: 46029 | C40: JA-2680-001-04 | D40: Base LM | E40: 12 | F40: 12 | G40: =$E40-$F40 -> 0 | H40: =IF($G40=0,"ครบ","ไม่ครบ") -> ครบ | I40: CAM 1 | J40: =VLOOKUP(I40,Sheet2!$B$1:$C$9,2,FALSE) -> เพลินชัย | K40: 0.020833333 | L40: CNC 1 | M40: เพลินชัย | N40: 0.33333333 | O40: CNC 1 | P40: รังสรรค์ | Q40: 0.29166667 | S40: =VLOOKUP(R40,Sheet2!$B$1:$C$9,2,FALSE) -> #N/A | U40: =$K40+$N40+$Q40+$T40 -> 0.64583333 | Y40: คุณปฐมพงษ์ | Z40: 46055 | AA40: 46050 | AB40: คุณปฐมพงษ์ | AC40: 46056 | AD40: =IF($AA40>$Z40,"เกินกำหนด","ทันกำหนด") -> ทันกำหนด
A41: 38 | B41: 46029 | C41: JA-2680-001-05 | D41: Base plate cylinder | E41: 6 | F41: 6 | G41: =$E41-$F41 -> 0 | H41: =IF($G41=0,"ครบ","ไม่ครบ") -> ครบ | I41: SPAR | J41: =VLOOKUP(I41,Sheet2!$B$1:$C$9,2,FALSE) -> ธนาพล | K41: 0.083333333 | L41: CAM 1 | M41: =VLOOKUP(L41,Sheet2!$B$1:$C$9,2,FALSE) -> เพลินชัย | N41: 0.027777778 | O41: CNC 1 | P41: รังสรรค์ | Q41: 0.625 | S41: =VLOOKUP(R41,Sheet2!$B$1:$C$9,2,FALSE) -> #N/A | U41: =$K41+$N41+$Q41+$T41 -> 0.73611111 | Y41: คุณปฐมพงษ์ | Z41: 46055 | AA41: 46045 | AB41: คุณปฐมพงษ์ | AC41: 46056 | AD41: =IF($AA41>$Z41,"เกินกำหนด","ทันกำหนด") -> ทันกำหนด | AE41: 1 | AH41: Tap เกลียวรูไม่ครบ / รังสรรค์
A42: 39 | B42: 46029 | C42: JA-2680-001-06 | D42: Base plate | E42: 3 | F42: 3 | G42: =$E42-$F42 -> 0 | H42: =IF($G42=0,"ครบ","ไม่ครบ") -> ครบ | I42: SPAR | J42: =VLOOKUP(I42,Sheet2!$B$1:$C$9,2,FALSE) -> ธนาพล | K42: 0.125 | L42: CAM 1 | M42: =VLOOKUP(L42,Sheet2!$B$1:$C$9,2,FALSE) -> เพลินชัย | N42: 0.027777778 | O42: CNC 3 | P42: รังสรรค์ | Q42: 0.45138889 | R42: ML 1 | S42: =VLOOKUP(R42,Sheet2!$B$1:$C$9,2,FALSE) -> วินัย | T42: 0.072916667 | U42: =$K42+$N42+$Q42+$T42 -> 0.67708333 | Y42: คุณปฐมพงษ์ | Z42: 46055 | AA42: 46052 | AB42: คุณปฐมพงษ์ | AC42: 46056 | AD42: =IF($AA42>$Z42,"เกินกำหนด","ทันกำหนด") -> ทันกำหนด | AE42: 3 | AH42: ไม่เจาะรูและTapเกลียวด้านข้าง / รังสรรค์
A43: 40 | B43: 46029 | C43: JA-2680-001-07 | D43: BUSBAR | E43: 12 | F43: 12 | G43: =$E43-$F43 -> 0 | H43: =IF($G43=0,"ครบ","ไม่ครบ") -> ครบ | I43: CAM 2 | J43: =VLOOKUP(I43,Sheet2!$B$1:$C$9,2,FALSE) -> สุขสันต์ | K43: 0.013888889 | L43: CNC 5 | M43: ชนาธิศ | N43: 0.3125 | P43: =VLOOKUP(O43,Sheet2!$B$1:$C$9,2,FALSE) -> #N/A | S43: =VLOOKUP(R43,Sheet2!$B$1:$C$9,2,FALSE) -> #N/A | U43: =$K43+$N43+$Q43+$T43 -> 0.32638889 | Y43: คุณปฐมพงษ์ | Z43: 46055 | AA43: 46038 | AB43: คุณปฐมพงษ์ | AC43: 46056 | AD43: =IF($AA43>$Z43,"เกินกำหนด","ทันกำหนด") -> ทันกำหนด | AF43: 1 | AG43: 110 | AH43: งานหลุดจากที่จับ / สุขสันต์
A44: 41 | B44: 46029 | C44: JA-2680-001-08 | D44: FCT FIXTURE MODEL M1909-015 | E44: 3 | F44: 3 | G44: =$E44-$F44 -> 0 | H44: =IF($G44=0,"ครบ","ไม่ครบ") -> ครบ | I44: CAM 2 | J44: =VLOOKUP(I44,Sheet2!$B$1:$C$9,2,FALSE) -> สุขสันต์ | K44: 0.010416667 | L44: CNC 4 | M44: ชนาธิศ | N44: 0.11111111 | P44: =VLOOKUP(O44,Sheet2!$B$1:$C$9,2,FALSE) -> #N/A | S44: =VLOOKUP(R44,Sheet2!$B$1:$C$9,2,FALSE) -> #N/A | U44: =$K44+$N44+$Q44+$T44 -> 0.12152778 | Y44: คุณปฐมพงษ์ | Z44: 46055 | AA44: 46041 | AB44: คุณปฐมพงษ์ | AC44: 46056 | AD44: =IF($AA44>$Z44,"เกินกำหนด","ทันกำหนด") -> ทันกำหนด
A45: 42 | B45: 46029 | C45: JA-2680-001-09 | D45: FCT FIXTURE MODEL M1909-016 | E45: 6 | F45: 6 | G45: =$E45-$F45 -> 0 | H45: =IF($G45=0,"ครบ","ไม่ครบ") -> ครบ | I45: CAM 2 | J45: =VLOOKUP(I45,Sheet2!$B$1:$C$9,2,FALSE) -> สุขสันต์ | K45: 0.010416667 | L45: CNC 4 | M45: สุขสันต์ | N45: 0.20138889 | P45: =VLOOKUP(O45,Sheet2!$B$1:$C$9,2,FALSE) -> #N/A | S45: =VLOOKUP(R45,Sheet2!$B$1:$C$9,2,FALSE) -> #N/A | U45: =$K45+$N45+$Q45+$T45 -> 0.21180556 | Y45: คุณปฐมพงษ์ | Z45: 46055 | AA45: 46039 | AB45: คุณปฐมพงษ์ | AC45: 46056 | AD45: =IF($AA45>$Z45,"เกินกำหนด","ทันกำหนด") -> ทันกำหนด
A46: 43 | B46: 46029 | C46: JA-2680-001-10 | D46: FCT FIXTURE MODEL M2153-002 | E46: 3 | F46: 3 | G46: =$E46-$F46 -> 0 | H46: =IF($G46=0,"ครบ","ไม่ครบ") -> ครบ | I46: SPAR | J46: =VLOOKUP(I46,Sheet2!$B$1:$C$9,2,FALSE) -> ธนาพล | K46: 0.041666667 | L46: CAM 1 | M46: =VLOOKUP(L46,Sheet2!$B$1:$C$9,2,FALSE) -> เพลินชัย | N46: 0.020833333 | O46: CNC 1 | P46: รังสรรค์ | Q46: 0.0625 | S46: =VLOOKUP(R46,Sheet2!$B$1:$C$9,2,FALSE) -> #N/A | U46: =$K46+$N46+$Q46+$T46 -> 0.125 | Y46: คุณปฐมพงษ์ | Z46: 46055 | AA46: 46048 | AB46: คุณปฐมพงษ์ | AC46: 46056 | AD46: =IF($AA46>$Z46,"เกินกำหนด","ทันกำหนด") -> ทันกำหนด
A47: 44 | B47: 46029 | C47: JA-2680-001-11 | D47: FCT FIXTURE MODEL M2153-009 | E47: 6 | F47: 6 | G47: =$E47-$F47 -> 0 | H47: =IF($G47=0,"ครบ","ไม่ครบ") -> ครบ | I47: ML 1 | J47: =VLOOKUP(I47,Sheet2!$B$1:$C$9,2,FALSE) -> วินัย | K47: 0.059027778 | L47: ML 3 | M47: =VLOOKUP(L47,Sheet2!$B$1:$C$9,2,FALSE) -> สรายุทธ | N47: 0.041666667 | P47: =VLOOKUP(O47,Sheet2!$B$1:$C$9,2,FALSE) -> #N/A | S47: =VLOOKUP(R47,Sheet2!$B$1:$C$9,2,FALSE) -> #N/A | U47: =$K47+$N47+$Q47+$T47 -> 0.10069444 | Y47: คุณปฐมพงษ์ | Z47: 46055 | AA47: 46043 | AB47: คุณปฐมพงษ์ | AC47: 46056 | AD47: =IF($AA47>$Z47,"เกินกำหนด","ทันกำหนด") -> ทันกำหนด
A48: 45 | B48: 46029 | C48: JA-2680-001-12 | D48: FCT FIXTURE MODEL M2153-012 | E48: 6 | F48: 6 | G48: =$E48-$F48 -> 0 | H48: =IF($G48=0,"ครบ","ไม่ครบ") -> ครบ | I48: ML 1 | J48: =VLOOKUP(I48,Sheet2!$B$1:$C$9,2,FALSE) -> วินัย | K48: 0.041666667 | L48: ML 3 | M48: =VLOOKUP(L48,Sheet2!$B$1:$C$9,2,FALSE) -> สรายุทธ | N48: 0.072916667 | P48: =VLOOKUP(O48,Sheet2!$B$1:$C$9,2,FALSE) -> #N/A | S48: =VLOOKUP(R48,Sheet2!$B$1:$C$9,2,FALSE) -> #N/A | U48: =$K48+$N48+$Q48+$T48 -> 0.11458333 | Y48: คุณปฐมพงษ์ | Z48: 46055 | AA48: 46043 | AB48: คุณปฐมพงษ์ | AC48: 46056 | AD48: =IF($AA48>$Z48,"เกินกำหนด","ทันกำหนด") -> ทันกำหนด
A49: 46 | B49: 46029 | C49: JA-2680-001-13 | D49: FCT FIXTURE MODEL M2153-017 | E49: 3 | F49: 3 | G49: =$E49-$F49 -> 0 | H49: =IF($G49=0,"ครบ","ไม่ครบ") -> ครบ | I49: SPAR | J49: =VLOOKUP(I49,Sheet2!$B$1:$C$9,2,FALSE) -> ธนาพล | K49: 0.041666667 | L49: ML 3 | M49: =VLOOKUP(L49,Sheet2!$B$1:$C$9,2,FALSE) -> สรายุทธ | N49: 0.013888889 | P49: =VLOOKUP(O49,Sheet2!$B$1:$C$9,2,FALSE) -> #N/A | S49: =VLOOKUP(R49,Sheet2!$B$1:$C$9,2,FALSE) -> #N/A | U49: =$K49+$N49+$Q49+$T49 -> 0.055555556 | Y49: คุณปฐมพงษ์ | Z49: 46055 | AA49: 46043 | AB49: คุณปฐมพงษ์ | AC49: 46056 | AD49: =IF($AA49>$Z49,"เกินกำหนด","ทันกำหนด") -> ทันกำหนด
A50: 47 | B50: 46029 | C50: JA-2680-001-14 | D50: FCT FIXTURE MODEL M2153-018 | E50: 6 | F50: 6 | G50: =$E50-$F50 -> 0 | H50: =IF($G50=0,"ครบ","ไม่ครบ") -> ครบ | I50: CAM 2 | J50: =VLOOKUP(I50,Sheet2!$B$1:$C$9,2,FALSE) -> สุขสันต์ | K50: 0.03125 | L50: CNC 4 | M50: สุขสันต์ | N50: 0.26388889 | P50: =VLOOKUP(O50,Sheet2!$B$1:$C$9,2,FALSE) -> #N/A | S50: =VLOOKUP(R50,Sheet2!$B$1:$C$9,2,FALSE) -> #N/A | U50: =$K50+$N50+$Q50+$T50 -> 0.29513889 | Y50: คุณปฐมพงษ์ | Z50: 46055 | AA50: 46042 | AB50: คุณปฐมพงษ์ | AC50: 46056 | AD50: =IF($AA50>$Z50,"เกินกำหนด","ทันกำหนด") -> ทันกำหนด
A51: 48 | B51: 46029 | C51: JA-2680-001-15 | D51: FCT FIXTURE MODEL M2153-023 | E51: 6 | F51: 6 | G51: =$E51-$F51 -> 0 | H51: =IF($G51=0,"ครบ","ไม่ครบ") -> ครบ | I51: CAM 2 | J51: =VLOOKUP(I51,Sheet2!$B$1:$C$9,2,FALSE) -> สุขสันต์ | K51: 0.024305556 | L51: CNC 4 | M51: ชนาธิศ | N51: 0.27083333 | P51: =VLOOKUP(O51,Sheet2!$B$1:$C$9,2,FALSE) -> #N/A | S51: =VLOOKUP(R51,Sheet2!$B$1:$C$9,2,FALSE) -> #N/A | U51: =$K51+$N51+$Q51+$T51 -> 0.29513889 | Y51: คุณปฐมพงษ์ | Z51: 46055 | AA51: 46043 | AB51: คุณปฐมพงษ์ | AC51: 46056 | AD51: =IF($AA51>$Z51,"เกินกำหนด","ทันกำหนด") -> ทันกำหนด
A52: 49 | B52: 46029 | C52: JA-2680-001-16 | D52: FCT FIXTURE MODEL M2153-026 | E52: 3 | F52: 3 | G52: =$E52-$F52 -> 0 | H52: =IF($G52=0,"ครบ","ไม่ครบ") -> ครบ | I52: ML 1 | J52: =VLOOKUP(I52,Sheet2!$B$1:$C$9,2,FALSE) -> วินัย | K52: 0.03125 | L52: ML 3 | M52: =VLOOKUP(L52,Sheet2!$B$1:$C$9,2,FALSE) -> สรายุทธ | N52: 0.027777778 | P52: =VLOOKUP(O52,Sheet2!$B$1:$C$9,2,FALSE) -> #N/A | S52: =VLOOKUP(R52,Sheet2!$B$1:$C$9,2,FALSE) -> #N/A | U52: =$K52+$N52+$Q52+$T52 -> 0.059027778 | Y52: คุณปฐมพงษ์ | Z52: 46055 | AA52: 46044 | AB52: คุณปฐมพงษ์ | AC52: 46056 | AD52: =IF($AA52>$Z52,"เกินกำหนด","ทันกำหนด") -> ทันกำหนด
A53: 50 | B53: 46029 | C53: JA-2680-001-17 | D53: FCT FIXTURE MODEL M2153-028 | E53: 12 | F53: 12 | G53: =$E53-$F53 -> 0 | H53: =IF($G53=0,"ครบ","ไม่ครบ") -> ครบ | I53: CAM 2 | J53: =VLOOKUP(I53,Sheet2!$B$1:$C$9,2,FALSE) -> สุขสันต์ | K53: 0.017361111 | L53: CNC 4 | M53: ชนาธิศ | N53: 0.25 | P53: =VLOOKUP(O53,Sheet2!$B$1:$C$9,2,FALSE) -> #N/A | S53: =VLOOKUP(R53,Sheet2!$B$1:$C$9,2,FALSE) -> #N/A | U53: =$K53+$N53+$Q53+$T53 -> 0.26736111 | Y53: คุณปฐมพงษ์ | Z53: 46055 | AA53: 46038 | AB53: คุณปฐมพงษ์ | AC53: 46056 | AD53: =IF($AA53>$Z53,"เกินกำหนด","ทันกำหนด") -> ทันกำหนด
A54: 51 | B54: 46029 | C54: JA-2680-001-18 | D54: FCT FIXTURE MODEL M2153-029 | E54: 3 | F54: 3 | G54: =$E54-$F54 -> 0 | H54: =IF($G54=0,"ครบ","ไม่ครบ") -> ครบ | I54: SPAR | J54: =VLOOKUP(I54,Sheet2!$B$1:$C$9,2,FALSE) -> ธนาพล | K54: 0.041666667 | L54: CAM 1 | M54: =VLOOKUP(L54,Sheet2!$B$1:$C$9,2,FALSE) -> เพลินชัย | N54: 0.020833333 | O54: CNC 1 | P54: รังสรรค์ | Q54: 0.083333333 | S54: =VLOOKUP(R54,Sheet2!$B$1:$C$9,2,FALSE) -> #N/A | U54: =$K54+$N54+$Q54+$T54 -> 0.14583333 | Y54: คุณปฐมพงษ์ | Z54: 46055 | AA54: 46048 | AB54: คุณปฐมพงษ์ | AC54: 46056 | AD54: =IF($AA54>$Z54,"เกินกำหนด","ทันกำหนด") -> ทันกำหนด
A55: 52 | B55: 46029 | C55: JA-2680-001-19 | D55: FIXTURE MODEL M2006-010 | E55: 6 | F55: 6 | G55: =$E55-$F55 -> 0 | H55: =IF($G55=0,"ครบ","ไม่ครบ") -> ครบ | I55: CAM 2 | J55: =VLOOKUP(I55,Sheet2!$B$1:$C$9,2,FALSE) -> สุขสันต์ | K55: 0.052083333 | L55: CNC 4 | M55: ชนาธิศ | N55: 0.39583333 | P55: =VLOOKUP(O55,Sheet2!$B$1:$C$9,2,FALSE) -> #N/A | S55: =VLOOKUP(R55,Sheet2!$B$1:$C$9,2,FALSE) -> #N/A | U55: =$K55+$N55+$Q55+$T55 -> 0.44791667 | Y55: คุณปฐมพงษ์ | Z55: 46055 | AA55: 46045 | AB55: คุณปฐมพงษ์ | AC55: 46056 | AD55: =IF($AA55>$Z55,"เกินกำหนด","ทันกำหนด") -> ทันกำหนด
A56: 53 | B56: 46029 | C56: JA-2680-001-20 | D56: FIXTURE MODEL M2006-019 | E56: 9 | F56: 9 | G56: =$E56-$F56 -> 0 | H56: =IF($G56=0,"ครบ","ไม่ครบ") -> ครบ | I56: LATHE 1 | J56: =VLOOKUP(I56,Sheet2!$B$1:$C$9,2,FALSE) -> ชาญชัย | K56: 0.041666667 | M56: =VLOOKUP(L56,Sheet2!$B$1:$C$9,2,FALSE) -> #N/A | P56: =VLOOKUP(O56,Sheet2!$B$1:$C$9,2,FALSE) -> #N/A | S56: =VLOOKUP(R56,Sheet2!$B$1:$C$9,2,FALSE) -> #N/A | U56: =$K56+$N56+$Q56+$T56 -> 0.041666667 | Y56: คุณปฐมพงษ์ | Z56: 46055 | AA56: 46034 | AB56: คุณปฐมพงษ์ | AC56: 46056 | AD56: =IF($AA56>$Z56,"เกินกำหนด","ทันกำหนด") -> ทันกำหนด
A57: 54 | B57: 46029 | C57: JA-2680-001-21 | D57: FIXTURE MODEL M2006-020 | E57: 6 | F57: 6 | G57: =$E57-$F57 -> 0 | H57: =IF($G57=0,"ครบ","ไม่ครบ") -> ครบ | I57: CAM 2 | J57: =VLOOKUP(I57,Sheet2!$B$1:$C$9,2,FALSE) -> สุขสันต์ | K57: 0.020833333 | L57: CNC 4 | M57: ชนาธิศ | N57: 0.083333333 | O57: CNC 4 | P57: สุขสันต์ | Q57: 0.18055556 | S57: =VLOOKUP(R57,Sheet2!$B$1:$C$9,2,FALSE) -> #N/A | U57: =$K57+$N57+$Q57+$T57 -> 0.28472222 | Y57: คุณปฐมพงษ์ | Z57: 46055 | AA57: 46046 | AB57: คุณปฐมพงษ์ | AC57: 46056 | AD57: =IF($AA57>$Z57,"เกินกำหนด","ทันกำหนด") -> ทันกำหนด
A58: 55 | B58: 46029 | C58: JA-2680-001-22 | D58: FIXTURE MODEL M2153-014 | E58: 6 | F58: 6 | G58: =$E58-$F58 -> 0 | H58: =IF($G58=0,"ครบ","ไม่ครบ") -> ครบ | I58: CAM 2 | J58: =VLOOKUP(I58,Sheet2!$B$1:$C$9,2,FALSE) -> สุขสันต์ | K58: 0.020833333 | L58: CNC 5 | M58: สุขสันต์ | N58: 0.26041667 | P58: =VLOOKUP(O58,Sheet2!$B$1:$C$9,2,FALSE) -> #N/A | S58: =VLOOKUP(R58,Sheet2!$B$1:$C$9,2,FALSE) -> #N/A | U58: =$K58+$N58+$Q58+$T58 -> 0.28125 | Y58: คุณปฐมพงษ์ | Z58: 46055 | AA58: 46041 | AB58: คุณปฐมพงษ์ | AC58: 46056 | AD58: =IF($AA58>$Z58,"เกินกำหนด","ทันกำหนด") -> ทันกำหนด
A59: 56 | B59: 46029 | C59: JA-2680-001-23 | D59: JIG FIXTURE MODEL GOLDEN M1978-030 | E59: 3 | F59: 3 | G59: =$E59-$F59 -> 0 | H59: =IF($G59=0,"ครบ","ไม่ครบ") -> ครบ | I59: SPAR | J59: =VLOOKUP(I59,Sheet2!$B$1:$C$9,2,FALSE) -> ธนาพล | K59: 0.041666667 | L59: CAM 1 | M59: =VLOOKUP(L59,Sheet2!$B$1:$C$9,2,FALSE) -> เพลินชัย | N59: 0.020833333 | O59: CNC 1 | P59: รังสรรค์ | Q59: 0.083333333 | R59: ML 1 | S59: =VLOOKUP(R59,Sheet2!$B$1:$C$9,2,FALSE) -> วินัย | T59: 0.013888889 | U59: =$K59+$N59+$Q59+$T59 -> 0.15972222 | Y59: คุณปฐมพงษ์ | Z59: 46055 | AA59: 46048 | AB59: คุณปฐมพงษ์ | AC59: 46056 | AD59: =IF($AA59>$Z59,"เกินกำหนด","ทันกำหนด") -> ทันกำหนด
A60: 57 | B60: 46029 | C60: JA-2680-001-24 | D60: JIG FIXTURE MODEL GOLDEN M1978-031 | E60: 3 | F60: 3 | G60: =$E60-$F60 -> 0 | H60: =IF($G60=0,"ครบ","ไม่ครบ") -> ครบ | I60: SPAR | J60: =VLOOKUP(I60,Sheet2!$B$1:$C$9,2,FALSE) -> ธนาพล | K60: 0.041666667 | L60: CAM 1 | M60: =VLOOKUP(L60,Sheet2!$B$1:$C$9,2,FALSE) -> เพลินชัย | N60: 0.027777778 | O60: CNC 3 | P60: รังสรรค์ | Q60: 0.25 | R60: ML 1 | S60: =VLOOKUP(R60,Sheet2!$B$1:$C$9,2,FALSE) -> วินัย | T60: 0.045138889 | U60: =$K60+$N60+$Q60+$T60 -> 0.36458333 | Y60: คุณปฐมพงษ์ | Z60: 46055 | AA60: 46052 | AB60: คุณปฐมพงษ์ | AC60: 46056 | AD60: =IF($AA60>$Z60,"เกินกำหนด","ทันกำหนด") -> ทันกำหนด
A61: 58 | B61: 46029 | C61: JA-2680-001-25 | D61: JIG FIXTURE MODEL GOLDEN M1978-032 | E61: 12 | F61: 12 | G61: =$E61-$F61 -> 0 | H61: =IF($G61=0,"ครบ","ไม่ครบ") -> ครบ | I61: SPAR | J61: =VLOOKUP(I61,Sheet2!$B$1:$C$9,2,FALSE) -> ธนาพล | K61: 0.083333333 | L61: ML 2 | M61: =VLOOKUP(L61,Sheet2!$B$1:$C$9,2,FALSE) -> จักรกฤษณ์ | N61: 0.083333333 | O61: ML 3 | P61: =VLOOKUP(O61,Sheet2!$B$1:$C$9,2,FALSE) -> สรายุทธ | Q61: 0.052083333 | S61: =VLOOKUP(R61,Sheet2!$B$1:$C$9,2,FALSE) -> #N/A | U61: =$K61+$N61+$Q61+$T61 -> 0.21875 | Y61: คุณปฐมพงษ์ | Z61: 46055 | AA61: 46051 | AB61: คุณปฐมพงษ์ | AC61: 46056 | AD61: =IF($AA61>$Z61,"เกินกำหนด","ทันกำหนด") -> ทันกำหนด
A62: 59 | B62: 46029 | C62: JA-2680-001-26 | D62: JIG FIXTURE MODEL GOLDEN M1978-033 | E62: 3 | F62: 3 | G62: =$E62-$F62 -> 0 | H62: =IF($G62=0,"ครบ","ไม่ครบ") -> ครบ | I62: SPAR | J62: =VLOOKUP(I62,Sheet2!$B$1:$C$9,2,FALSE) -> ธนาพล | K62: 0.027777778 | L62: ML 1 | M62: =VLOOKUP(L62,Sheet2!$B$1:$C$9,2,FALSE) -> วินัย | N62: 0.038194444 | O62: ML 3 | P62: =VLOOKUP(O62,Sheet2!$B$1:$C$9,2,FALSE) -> สรายุทธ | Q62: 0.083333333 | S62: =VLOOKUP(R62,Sheet2!$B$1:$C$9,2,FALSE) -> #N/A | U62: =$K62+$N62+$Q62+$T62 -> 0.14930556 | Y62: คุณปฐมพงษ์ | Z62: 46055 | AA62: 46048 | AB62: คุณปฐมพงษ์ | AC62: 46056 | AD62: =IF($AA62>$Z62,"เกินกำหนด","ทันกำหนด") -> ทันกำหนด
A63: 60 | B63: 46029 | C63: JA-2680-001-27 | D63: JIG FIXTURE MODEL GOLDEN M1978-037 | E63: 3 | F63: 3 | G63: =$E63-$F63 -> 0 | H63: =IF($G63=0,"ครบ","ไม่ครบ") -> ครบ | I63: CAM 2 | J63: =VLOOKUP(I63,Sheet2!$B$1:$C$9,2,FALSE) -> สุขสันต์ | K63: 0.0069444444 | L63: CNC 4 | M63: ชนาธิศ | N63: 0.11805556 | P63: =VLOOKUP(O63,Sheet2!$B$1:$C$9,2,FALSE) -> #N/A | S63: =VLOOKUP(R63,Sheet2!$B$1:$C$9,2,FALSE) -> #N/A | U63: =$K63+$N63+$Q63+$T63 -> 0.125 | Y63: คุณปฐมพงษ์ | Z63: 46055 | AA63: 46037 | AB63: คุณปฐมพงษ์ | AC63: 46056 | AD63: =IF($AA63>$Z63,"เกินกำหนด","ทันกำหนด") -> ทันกำหนด
A64: 61 | B64: 46029 | C64: JA-2680-001-28 | D64: JIG FIXTURE MODEL GOLDEN M1978-038 | E64: 3 | F64: 3 | G64: =$E64-$F64 -> 0 | H64: =IF($G64=0,"ครบ","ไม่ครบ") -> ครบ | I64: ML 1 | J64: =VLOOKUP(I64,Sheet2!$B$1:$C$9,2,FALSE) -> วินัย | K64: 0.038194444 | L64: ML 3 | M64: =VLOOKUP(L64,Sheet2!$B$1:$C$9,2,FALSE) -> สรายุทธ | N64: 0.0625 | P64: =VLOOKUP(O64,Sheet2!$B$1:$C$9,2,FALSE) -> #N/A | S64: =VLOOKUP(R64,Sheet2!$B$1:$C$9,2,FALSE) -> #N/A | U64: =$K64+$N64+$Q64+$T64 -> 0.10069444 | Y64: คุณปฐมพงษ์ | Z64: 46055 | AA64: 46050 | AB64: คุณปฐมพงษ์ | AC64: 46056 | AD64: =IF($AA64>$Z64,"เกินกำหนด","ทันกำหนด") -> ทันกำหนด
A65: 62 | B65: 46029 | C65: JA-2680-001-29 | D65: JIG FIXTURE MODEL GOLDEN M1978-039 | E65: 3 | F65: 3 | G65: =$E65-$F65 -> 0 | H65: =IF($G65=0,"ครบ","ไม่ครบ") -> ครบ | I65: LATHE 1 | J65: =VLOOKUP(I65,Sheet2!$B$1:$C$9,2,FALSE) -> ชาญชัย | K65: 0.055555556 | M65: =VLOOKUP(L65,Sheet2!$B$1:$C$9,2,FALSE) -> #N/A | P65: =VLOOKUP(O65,Sheet2!$B$1:$C$9,2,FALSE) -> #N/A | S65: =VLOOKUP(R65,Sheet2!$B$1:$C$9,2,FALSE) -> #N/A | U65: =$K65+$N65+$Q65+$T65 -> 0.055555556 | Y65: คุณปฐมพงษ์ | Z65: 46055 | AA65: 46034 | AB65: คุณปฐมพงษ์ | AC65: 46056 | AD65: =IF($AA65>$Z65,"เกินกำหนด","ทันกำหนด") -> ทันกำหนด
A66: 63 | B66: 46029 | C66: JA-2680-001-30 | D66: JIG FIXTURE MODEL GOLDEN M1978-040 | E66: 3 | F66: 3 | G66: =$E66-$F66 -> 0 | H66: =IF($G66=0,"ครบ","ไม่ครบ") -> ครบ | I66: CAM 2 | J66: =VLOOKUP(I66,Sheet2!$B$1:$C$9,2,FALSE) -> สุขสันต์ | K66: 0.027777778 | L66: CNC 5 | M66: สุขสันต์ | N66: 0.16666667 | P66: =VLOOKUP(O66,Sheet2!$B$1:$C$9,2,FALSE) -> #N/A | S66: =VLOOKUP(R66,Sheet2!$B$1:$C$9,2,FALSE) -> #N/A | U66: =$K66+$N66+$Q66+$T66 -> 0.19444444 | Y66: คุณปฐมพงษ์ | Z66: 46055 | AA66: 46051 | AB66: คุณปฐมพงษ์ | AC66: 46056 | AD66: =IF($AA66>$Z66,"เกินกำหนด","ทันกำหนด") -> ทันกำหนด
A67: 64 | B67: 46029 | C67: JA-2680-001-31 | D67: JIG FIXTURE MODEL GOLDEN M1978-041 | E67: 3 | F67: 3 | G67: =$E67-$F67 -> 0 | H67: =IF($G67=0,"ครบ","ไม่ครบ") -> ครบ | I67: CAM 2 | J67: =VLOOKUP(I67,Sheet2!$B$1:$C$9,2,FALSE) -> สุขสันต์ | K67: 0.027777778 | L67: CNC 5 | M67: สุขสันต์ | N67: 0.22222222 | P67: =VLOOKUP(O67,Sheet2!$B$1:$C$9,2,FALSE) -> #N/A | S67: =VLOOKUP(R67,Sheet2!$B$1:$C$9,2,FALSE) -> #N/A | U67: =$K67+$N67+$Q67+$T67 -> 0.25 | Y67: คุณปฐมพงษ์ | Z67: 46055 | AA67: 46046 | AB67: คุณปฐมพงษ์ | AC67: 46056 | AD67: =IF($AA67>$Z67,"เกินกำหนด","ทันกำหนด") -> ทันกำหนด
A68: 65 | B68: 46029 | C68: JA-2680-001-32 | D68: JIG FIXTURE MODEL GOLDEN M1978-042 | E68: 6 | F68: 6 | G68: =$E68-$F68 -> 0 | H68: =IF($G68=0,"ครบ","ไม่ครบ") -> ครบ | I68: LATHE 1 | J68: =VLOOKUP(I68,Sheet2!$B$1:$C$9,2,FALSE) -> ชาญชัย | K68: 0.13194444 | M68: =VLOOKUP(L68,Sheet2!$B$1:$C$9,2,FALSE) -> #N/A | P68: =VLOOKUP(O68,Sheet2!$B$1:$C$9,2,FALSE) -> #N/A | S68: =VLOOKUP(R68,Sheet2!$B$1:$C$9,2,FALSE) -> #N/A | U68: =$K68+$N68+$Q68+$T68 -> 0.13194444 | Y68: คุณปฐมพงษ์ | Z68: 46055 | AA68: 46035 | AB68: คุณปฐมพงษ์ | AC68: 46056 | AD68: =IF($AA68>$Z68,"เกินกำหนด","ทันกำหนด") -> ทันกำหนด
A69: 66 | B69: 46029 | C69: JA-2680-001-33 | D69: JIG FIXTURE MODEL GOLDEN M1978-044 | E69: 3 | F69: 3 | G69: =$E69-$F69 -> 0 | H69: =IF($G69=0,"ครบ","ไม่ครบ") -> ครบ | I69: ML 1 | J69: =VLOOKUP(I69,Sheet2!$B$1:$C$9,2,FALSE) -> วินัย | K69: 0.041666667 | L69: ML 3 | M69: =VLOOKUP(L69,Sheet2!$B$1:$C$9,2,FALSE) -> สรายุทธ | N69: 0.0625 | P69: =VLOOKUP(O69,Sheet2!$B$1:$C$9,2,FALSE) -> #N/A | S69: =VLOOKUP(R69,Sheet2!$B$1:$C$9,2,FALSE) -> #N/A | U69: =$K69+$N69+$Q69+$T69 -> 0.10416667 | Y69: คุณปฐมพงษ์ | Z69: 46055 | AA69: 46042 | AB69: คุณปฐมพงษ์ | AC69: 46056 | AD69: =IF($AA69>$Z69,"เกินกำหนด","ทันกำหนด") -> ทันกำหนด
A70: 67 | B70: 46029 | C70: JA-2680-001-34 | D70: Left plate | E70: 3 | F70: 3 | G70: =$E70-$F70 -> 0 | H70: =IF($G70=0,"ครบ","ไม่ครบ") -> ครบ | I70: SPAR | J70: =VLOOKUP(I70,Sheet2!$B$1:$C$9,2,FALSE) -> ธนาพล | K70: 0.048611111 | L70: CAM 1 | M70: =VLOOKUP(L70,Sheet2!$B$1:$C$9,2,FALSE) -> เพลินชัย | N70: 0.027777778 | O70: CNC 1 | P70: รังสรรค์ | Q70: 0.125 | R70: ML 1 | S70: =VLOOKUP(R70,Sheet2!$B$1:$C$9,2,FALSE) -> วินัย | T70: 0.038194444 | U70: =$K70+$N70+$Q70+$T70 -> 0.23958333 | Y70: คุณปฐมพงษ์ | Z70: 46055 | AA70: 46050 | AB70: คุณปฐมพงษ์ | AC70: 46056 | AD70: =IF($AA70>$Z70,"เกินกำหนด","ทันกำหนด") -> ทันกำหนด
A71: 68 | B71: 46029 | C71: JA-2680-001-35 | D71: Part base plate-1 | E71: 6 | F71: 6 | G71: =$E71-$F71 -> 0 | H71: =IF($G71=0,"ครบ","ไม่ครบ") -> ครบ | I71: CAM 2 | J71: =VLOOKUP(I71,Sheet2!$B$1:$C$9,2,FALSE) -> สุขสันต์ | K71: 0.041666667 | L71: CNC 5 | M71: สุขสันต์ | N71: 0.36111111 | P71: =VLOOKUP(O71,Sheet2!$B$1:$C$9,2,FALSE) -> #N/A | S71: =VLOOKUP(R71,Sheet2!$B$1:$C$9,2,FALSE) -> #N/A | U71: =$K71+$N71+$Q71+$T71 -> 0.40277778 | Y71: คุณปฐมพงษ์ | Z71: 46055 | AA71: 46048 | AB71: คุณปฐมพงษ์ | AC71: 46056 | AD71: =IF($AA71>$Z71,"เกินกำหนด","ทันกำหนด") -> ทันกำหนด
A72: 69 | B72: 46029 | C72: JA-2680-001-36 | D72: Part base plate-2 | E72: 6 | F72: 6 | G72: =$E72-$F72 -> 0 | H72: =IF($G72=0,"ครบ","ไม่ครบ") -> ครบ | I72: CAM 2 | J72: =VLOOKUP(I72,Sheet2!$B$1:$C$9,2,FALSE) -> สุขสันต์ | K72: 0.041666667 | L72: CNC 5 | M72: สุขสันต์ | N72: 0.34027778 | P72: =VLOOKUP(O72,Sheet2!$B$1:$C$9,2,FALSE) -> #N/A | S72: =VLOOKUP(R72,Sheet2!$B$1:$C$9,2,FALSE) -> #N/A | U72: =$K72+$N72+$Q72+$T72 -> 0.38194444 | Y72: คุณปฐมพงษ์ | Z72: 46055 | AA72: 46049 | AB72: คุณปฐมพงษ์ | AC72: 46056 | AD72: =IF($AA72>$Z72,"เกินกำหนด","ทันกำหนด") -> ทันกำหนด
A73: 70 | B73: 46029 | C73: JA-2680-001-37 | D73: Part base plate-3 | E73: 6 | F73: 6 | G73: =$E73-$F73 -> 0 | H73: =IF($G73=0,"ครบ","ไม่ครบ") -> ครบ | I73: ML 3 | J73: =VLOOKUP(I73,Sheet2!$B$1:$C$9,2,FALSE) -> สรายุทธ | K73: 0.375 | M73: =VLOOKUP(L73,Sheet2!$B$1:$C$9,2,FALSE) -> #N/A | P73: =VLOOKUP(O73,Sheet2!$B$1:$C$9,2,FALSE) -> #N/A | S73: =VLOOKUP(R73,Sheet2!$B$1:$C$9,2,FALSE) -> #N/A | U73: =$K73+$N73+$Q73+$T73 -> 0.375 | Y73: คุณปฐมพงษ์ | Z73: 46055 | AA73: 46048 | AB73: คุณปฐมพงษ์ | AC73: 46056 | AD73: =IF($AA73>$Z73,"เกินกำหนด","ทันกำหนด") -> ทันกำหนด
A74: 71 | B74: 46029 | C74: JA-2680-001-38 | D74: Part base plate-4 | E74: 6 | F74: 6 | G74: =$E74-$F74 -> 0 | H74: =IF($G74=0,"ครบ","ไม่ครบ") -> ครบ | I74: CAM 2 | J74: =VLOOKUP(I74,Sheet2!$B$1:$C$9,2,FALSE) -> สุขสันต์ | K74: 0.041666667 | L74: CNC 5 | M74: สุขสันต์ | N74: 0.34027778 | P74: =VLOOKUP(O74,Sheet2!$B$1:$C$9,2,FALSE) -> #N/A | S74: =VLOOKUP(R74,Sheet2!$B$1:$C$9,2,FALSE) -> #N/A | U74: =$K74+$N74+$Q74+$T74 -> 0.38194444 | Y74: คุณปฐมพงษ์ | Z74: 46055 | AA74: 46050 | AB74: คุณปฐมพงษ์ | AC74: 46056 | AD74: =IF($AA74>$Z74,"เกินกำหนด","ทันกำหนด") -> ทันกำหนด
A75: 72 | B75: 46029 | C75: JA-2680-001-39 | D75: Part base plate-5 | E75: 6 | F75: 6 | G75: =$E75-$F75 -> 0 | H75: =IF($G75=0,"ครบ","ไม่ครบ") -> ครบ | I75: CAM 2 | J75: =VLOOKUP(I75,Sheet2!$B$1:$C$9,2,FALSE) -> สุขสันต์ | K75: 0.017361111 | L75: CNc 4 | M75: สุขสันต์ | N75: 0.16666667 | P75: =VLOOKUP(O75,Sheet2!$B$1:$C$9,2,FALSE) -> #N/A | S75: =VLOOKUP(R75,Sheet2!$B$1:$C$9,2,FALSE) -> #N/A | U75: =$K75+$N75+$Q75+$T75 -> 0.18402778 | Y75: คุณปฐมพงษ์ | Z75: 46055 | AA75: 46046 | AB75: คุณปฐมพงษ์ | AC75: 46056 | AD75: =IF($AA75>$Z75,"เกินกำหนด","ทันกำหนด") -> ทันกำหนด
A76: 73 | B76: 46029 | C76: JA-2680-001-40 | D76: Plate toggle | E76: 3 | F76: 3 | G76: =$E76-$F76 -> 0 | H76: =IF($G76=0,"ครบ","ไม่ครบ") -> ครบ | I76: SPAR | J76: =VLOOKUP(I76,Sheet2!$B$1:$C$9,2,FALSE) -> ธนาพล | K76: 0.020833333 | M76: =VLOOKUP(L76,Sheet2!$B$1:$C$9,2,FALSE) -> #N/A | P76: =VLOOKUP(O76,Sheet2!$B$1:$C$9,2,FALSE) -> #N/A | S76: =VLOOKUP(R76,Sheet2!$B$1:$C$9,2,FALSE) -> #N/A | U76: =$K76+$N76+$Q76+$T76 -> 0.020833333 | Y76: คุณปฐมพงษ์ | Z76: 46055 | AA76: 46044 | AB76: คุณปฐมพงษ์ | AC76: 46056 | AD76: =IF($AA76>$Z76,"เกินกำหนด","ทันกำหนด") -> ทันกำหนด
A77: 74 | B77: 46029 | C77: JA-2680-001-41 | D77: Right plate | E77: 3 | F77: 3 | G77: =$E77-$F77 -> 0 | H77: =IF($G77=0,"ครบ","ไม่ครบ") -> ครบ | I77: SPAR | J77: =VLOOKUP(I77,Sheet2!$B$1:$C$9,2,FALSE) -> ธนาพล | K77: 0.048611111 | L77: CAM 1 | M77: =VLOOKUP(L77,Sheet2!$B$1:$C$9,2,FALSE) -> เพลินชัย | N77: 0.027777778 | O77: CNC 1 | P77: รังสรรค์ | Q77: 0.10416667 | R77: ML 1 | S77: =VLOOKUP(R77,Sheet2!$B$1:$C$9,2,FALSE) -> วินัย | T77: 0.038194444 | U77: =$K77+$N77+$Q77+$T77 -> 0.21875 | Y77: คุณปฐมพงษ์ | Z77: 46055 | AA77: 46050 | AB77: คุณปฐมพงษ์ | AC77: 46056 | AD77: =IF($AA77>$Z77,"เกินกำหนด","ทันกำหนด") -> ทันกำหนด
A78: 75 | B78: 46029 | C78: JA-2680-001-42 | D78: Top plate | E78: 3 | F78: 3 | G78: =$E78-$F78 -> 0 | H78: =IF($G78=0,"ครบ","ไม่ครบ") -> ครบ | I78: SPAR | J78: =VLOOKUP(I78,Sheet2!$B$1:$C$9,2,FALSE) -> ธนาพล | K78: 0.083333333 | L78: CAM 1 | M78: =VLOOKUP(L78,Sheet2!$B$1:$C$9,2,FALSE) -> เพลินชัย | N78: 0.027777778 | O78: CNC 3 | P78: รังสรรค์ | Q78: 0.26388889 | S78: =VLOOKUP(R78,Sheet2!$B$1:$C$9,2,FALSE) -> #N/A | U78: =$K78+$N78+$Q78+$T78 -> 0.375 | Y78: คุณปฐมพงษ์ | Z78: 46055 | AA78: 46048 | AB78: คุณปฐมพงษ์ | AC78: 46056 | AD78: =IF($AA78>$Z78,"เกินกำหนด","ทันกำหนด") -> ทันกำหนด
A79: 76 | B79: 46030 | C79: JA-2631-003-01 | D79: Lock Ulinx | E79: 6 | F79: 6 | G79: =$E79-$F79 -> 0 | H79: =IF($G79=0,"ครบ","ไม่ครบ") -> ครบ | I79: SPAR | J79: =VLOOKUP(I79,Sheet2!$B$1:$C$9,2,FALSE) -> ธนาพล | K79: 0.069444444 | L79: ML 2 | M79: =VLOOKUP(L79,Sheet2!$B$1:$C$9,2,FALSE) -> จักรกฤษณ์ | N79: 0.076388889 | P79: =VLOOKUP(O79,Sheet2!$B$1:$C$9,2,FALSE) -> #N/A | S79: =VLOOKUP(R79,Sheet2!$B$1:$C$9,2,FALSE) -> #N/A | U79: =$K79+$N79+$Q79+$T79 -> 0.14583333 | Y79: คุณจักรกฤษณ์ | Z79: 46036 | AA79: 46031 | AB79: คุณจักรกฤษณ์ | AC79: 46038 | AD79: =IF($AA79>$Z79,"เกินกำหนด","ทันกำหนด") -> ทันกำหนด
A80: 77 | B80: 46030 | C80: JA-2631-003-02_Modify | D80: pf-19-4u d2 front | E80: 6 | F80: 6 | G80: =$E80-$F80 -> 0 | H80: =IF($G80=0,"ครบ","ไม่ครบ") -> ครบ | I80: CAM 1 | J80: =VLOOKUP(I80,Sheet2!$B$1:$C$9,2,FALSE) -> เพลินชัย | K80: 0.020833333 | L80: CNC 3 | M80: รังสรรค์ | N80: 0.0625 | O80: CNC 3 | P80: เพลินชัย | Q80: 0.0625 | S80: =VLOOKUP(R80,Sheet2!$B$1:$C$9,2,FALSE) -> #N/A | U80: =$K80+$N80+$Q80+$T80 -> 0.14583333 | Y80: คุณจักรกฤษณ์ | Z80: 46036 | AA80: 46035 | AB80: คุณประสิทธิ์ | AC80: 46035 | AD80: =IF($AA80>$Z80,"เกินกำหนด","ทันกำหนด") -> ทันกำหนด
A81: 78 | B81: 46030 | C81: JA-2631-003-03_Modify | D81: pf-19-4u d2 rear | E81: 6 | F81: 6 | G81: =$E81-$F81 -> 0 | H81: =IF($G81=0,"ครบ","ไม่ครบ") -> ครบ | I81: CAM 1 | J81: =VLOOKUP(I81,Sheet2!$B$1:$C$9,2,FALSE) -> เพลินชัย | K81: 0.027777778 | L81: CNC 3 | M81: เพลินชัย | N81: 0.0625 | O81: CNC 3 | P81: รังสรรค์ | Q81: 0.083333333 | S81: =VLOOKUP(R81,Sheet2!$B$1:$C$9,2,FALSE) -> #N/A | U81: =$K81+$N81+$Q81+$T81 -> 0.17361111 | Y81: คุณจักรกฤษณ์ | Z81: 46036 | AA81: 46035 | AB81: คุณประสิทธิ์ | AC81: 46035 | AD81: =IF($AA81>$Z81,"เกินกำหนด","ทันกำหนด") -> ทันกำหนด
A82: 79 | B82: 46030 | C82: JA-2685-001-01 | D82: Block 1 NT0852R1A-F04 | E82: 1 | F82: 1 | G82: =$E82-$F82 -> 0 | H82: =IF($G82=0,"ครบ","ไม่ครบ") -> ครบ | I82: SPAR | J82: =VLOOKUP(I82,Sheet2!$B$1:$C$9,2,FALSE) -> ธนาพล | K82: 0.013888889 | L82: CAM 1 | M82: =VLOOKUP(L82,Sheet2!$B$1:$C$9,2,FALSE) -> เพลินชัย | N82: 0.027777778 | O82: CNC 1 | P82: รังสรรค์ | Q82: 0.125 | S82: =VLOOKUP(R82,Sheet2!$B$1:$C$9,2,FALSE) -> #N/A | U82: =$K82+$N82+$Q82+$T82 -> 0.16666667 | Y82: คุณปณิธาน | Z82: 46050 | AA82: 46031 | AB82: คุณปณิธาน | AC82: 46057 | AD82: =IF($AA82>$Z82,"เกินกำหนด","ทันกำหนด") -> ทันกำหนด
A83: 80 | B83: 46030 | C83: JA-2685-001-02 | D83: Block 2 NT0852R1A-F04 | E83: 1 | F83: 1 | G83: =$E83-$F83 -> 0 | H83: =IF($G83=0,"ครบ","ไม่ครบ") -> ครบ | I83: SPAR | J83: =VLOOKUP(I83,Sheet2!$B$1:$C$9,2,FALSE) -> ธนาพล | K83: 0.013888889 | L83: CAM 1 | M83: =VLOOKUP(L83,Sheet2!$B$1:$C$9,2,FALSE) -> เพลินชัย | N83: 0.034722222 | O83: CNC 1 | P83: รังสรรค์ | Q83: 0.10416667 | S83: =VLOOKUP(R83,Sheet2!$B$1:$C$9,2,FALSE) -> #N/A | U83: =$K83+$N83+$Q83+$T83 -> 0.15277778 | Y83: คุณปณิธาน | Z83: 46050 | AA83: 46034 | AB83: คุณปณิธาน | AC83: 46057 | AD83: =IF($AA83>$Z83,"เกินกำหนด","ทันกำหนด") -> ทันกำหนด
A84: 81 | B84: 46030 | C84: JA-2685-001-03 | D84: Block 3 NT0852R1A-F04 | E84: 1 | F84: 1 | G84: =$E84-$F84 -> 0 | H84: =IF($G84=0,"ครบ","ไม่ครบ") -> ครบ | I84: SPAR | J84: =VLOOKUP(I84,Sheet2!$B$1:$C$9,2,FALSE) -> ธนาพล | K84: 0.013888889 | L84: CAM 1 | M84: =VLOOKUP(L84,Sheet2!$B$1:$C$9,2,FALSE) -> เพลินชัย | N84: 0.027777778 | O84: CNC 1 | P84: รังสรรค์ | Q84: 0.125 | S84: =VLOOKUP(R84,Sheet2!$B$1:$C$9,2,FALSE) -> #N/A | U84: =$K84+$N84+$Q84+$T84 -> 0.16666667 | Y84: คุณปณิธาน | Z84: 46050 | AA84: 46034 | AB84: คุณปณิธาน | AC84: 46057 | AD84: =IF($AA84>$Z84,"เกินกำหนด","ทันกำหนด") -> ทันกำหนด
A85: 82 | B85: 46030 | C85: JA-2685-001-04 | D85: Top 008 For 200 , 250 | E85: 1 | F85: 1 | G85: =$E85-$F85 -> 0 | H85: =IF($G85=0,"ครบ","ไม่ครบ") -> ครบ | I85: SPAR | J85: =VLOOKUP(I85,Sheet2!$B$1:$C$9,2,FALSE) -> ธนาพล | K85: 0.027777778 | L85: CAM 1 | M85: =VLOOKUP(L85,Sheet2!$B$1:$C$9,2,FALSE) -> เพลินชัย | N85: 0.041666667 | O85: CNC 1 | P85: รังสรรค์ | Q85: 0.10416667 | R85: CNC 1 | S85: เพลินชัย | T85: 0.10416667 | U85: =$K85+$N85+$Q85+$T85 -> 0.27777778 | Y85: คุณปณิธาน | Z85: 46050 | AA85: 46034 | AB85: คุณปณิธาน | AC85: 46057 | AD85: =IF($AA85>$Z85,"เกินกำหนด","ทันกำหนด") -> ทันกำหนด
A86: 83 | B86: 46030 | C86: JE-0706-002-01_Modify | D86: Roll Brush-06 | E86: 1 | F86: 1 | G86: =$E86-$F86 -> 0 | H86: =IF($G86=0,"ครบ","ไม่ครบ") -> ครบ | I86: ML 2 | J86: =VLOOKUP(I86,Sheet2!$B$1:$C$9,2,FALSE) -> จักรกฤษณ์ | K86: 0.0069444444 | M86: =VLOOKUP(L86,Sheet2!$B$1:$C$9,2,FALSE) -> #N/A | P86: =VLOOKUP(O86,Sheet2!$B$1:$C$9,2,FALSE) -> #N/A | S86: =VLOOKUP(R86,Sheet2!$B$1:$C$9,2,FALSE) -> #N/A | U86: =$K86+$N86+$Q86+$T86 -> 0.0069444444 | Y86: คุณสิทธิโชค | Z86: 46037 | AA86: 46031 | AB86: คุณสิทธิโชค | AC86: 46036 | AD86: =IF($AA86>$Z86,"เกินกำหนด","ทันกำหนด") -> ทันกำหนด
A87: 84 | B87: 46030 | C87: JE-0679-020-06 | D87: Flip 679-63 | E87: 3 | F87: 3 | G87: =$E87-$F87 -> 0 | H87: =IF($G87=0,"ครบ","ไม่ครบ") -> ครบ | I87: ML 1 | J87: =VLOOKUP(I87,Sheet2!$B$1:$C$9,2,FALSE) -> วินัย | K87: 0.045138889 | L87: ML 3 | M87: =VLOOKUP(L87,Sheet2!$B$1:$C$9,2,FALSE) -> สรายุทธ | N87: 0.03125 | P87: =VLOOKUP(O87,Sheet2!$B$1:$C$9,2,FALSE) -> #N/A | S87: =VLOOKUP(R87,Sheet2!$B$1:$C$9,2,FALSE) -> #N/A | U87: =$K87+$N87+$Q87+$T87 -> 0.076388889 | Y87: คุณสิทธิโชค | Z87: 46043 | AA87: 46037 | AB87: คุณสิทธิโชค | AC87: 46072 | AD87: =IF($AA87>$Z87,"เกินกำหนด","ทันกำหนด") -> ทันกำหนด | AE87: 3 | AH87: เจาะรูไม่ครบ / สรายุทธ
A88: 85 | B88: 46030 | C88: JE-0679-020-07 | D88: Flip 679-64 | E88: 1 | F88: 1 | G88: =$E88-$F88 -> 0 | H88: =IF($G88=0,"ครบ","ไม่ครบ") -> ครบ | I88: ML 1 | J88: =VLOOKUP(I88,Sheet2!$B$1:$C$9,2,FALSE) -> วินัย | K88: 0.017361111 | L88: ML 3 | M88: =VLOOKUP(L88,Sheet2!$B$1:$C$9,2,FALSE) -> สรายุทธ | N88: 0.020833333 | P88: =VLOOKUP(O88,Sheet2!$B$1:$C$9,2,FALSE) -> #N/A | S88: =VLOOKUP(R88,Sheet2!$B$1:$C$9,2,FALSE) -> #N/A | U88: =$K88+$N88+$Q88+$T88 -> 0.038194444 | Y88: คุณสิทธิโชค | Z88: 46043 | AA88: 46041 | AB88: คุณสิทธิโชค | AC88: 46072 | AD88: =IF($AA88>$Z88,"เกินกำหนด","ทันกำหนด") -> ทันกำหนด
A89: 86 | B89: 46030 | C89: JE-0679-020-08 | D89: Flip 679-65 | E89: 1 | F89: 1 | G89: =$E89-$F89 -> 0 | H89: =IF($G89=0,"ครบ","ไม่ครบ") -> ครบ | I89: ML 1 | J89: =VLOOKUP(I89,Sheet2!$B$1:$C$9,2,FALSE) -> วินัย | K89: 0.020833333 | L89: ML 3 | M89: =VLOOKUP(L89,Sheet2!$B$1:$C$9,2,FALSE) -> สรายุทธ | N89: 0.017361111 | P89: =VLOOKUP(O89,Sheet2!$B$1:$C$9,2,FALSE) -> #N/A | S89: =VLOOKUP(R89,Sheet2!$B$1:$C$9,2,FALSE) -> #N/A | U89: =$K89+$N89+$Q89+$T89 -> 0.038194444 | Y89: คุณสิทธิโชค | Z89: 46043 | AA89: 46041 | AB89: คุณสิทธิโชค | AC89: 46072 | AD89: =IF($AA89>$Z89,"เกินกำหนด","ทันกำหนด") -> ทันกำหนด
A90: 87 | B90: 46031 | C90: JE-0706-002-02_Modify | D90: E-PSFGW16-350-M8-N8 | E90: 2 | F90: 2 | G90: =$E90-$F90 -> 0 | H90: =IF($G90=0,"ครบ","ไม่ครบ") -> ครบ | I90: SPAR | J90: =VLOOKUP(I90,Sheet2!$B$1:$C$9,2,FALSE) -> ธนาพล | K90: 0.0069444444 | M90: =VLOOKUP(L90,Sheet2!$B$1:$C$9,2,FALSE) -> #N/A | P90: =VLOOKUP(O90,Sheet2!$B$1:$C$9,2,FALSE) -> #N/A | S90: =VLOOKUP(R90,Sheet2!$B$1:$C$9,2,FALSE) -> #N/A | U90: =$K90+$N90+$Q90+$T90 -> 0.0069444444 | Y90: คุณสิทธิโชค | Z90: 46034 | AA90: 46031 | AB90: คุณสิทธิโชค | AC90: 46036 | AD90: =IF($AA90>$Z90,"เกินกำหนด","ทันกำหนด") -> ทันกำหนด
A91: 88 | B91: 46031 | C91: JB-0362-003-01_Modify | D91: KETTENRAD_06_B-1_Z15_10181512 | E91: 2 | F91: 2 | G91: =$E91-$F91 -> 0 | H91: =IF($G91=0,"ครบ","ไม่ครบ") -> ครบ | I91: CAM 1 | J91: =VLOOKUP(I91,Sheet2!$B$1:$C$9,2,FALSE) -> เพลินชัย | K91: 0.0069444444 | L91: CNC 2 | M91: เพลินชัย | N91: 0.0625 | P91: =VLOOKUP(O91,Sheet2!$B$1:$C$9,2,FALSE) -> #N/A | S91: =VLOOKUP(R91,Sheet2!$B$1:$C$9,2,FALSE) -> #N/A | U91: =$K91+$N91+$Q91+$T91 -> 0.069444444 | Y91: คุณอนุวัฒิ | Z91: 46035 | AA91: 46034 | AB91: คุณดำรงศักดิ์ | AC91: 46036 | AD91: =IF($AA91>$Z91,"เกินกำหนด","ทันกำหนด") -> ทันกำหนด
A92: 89 | B92: 46031 | C92: JB-0369-006-03 | D92: ME-B0369-01-054-0017 | E92: 2 | F92: 2 | G92: =$E92-$F92 -> 0 | H92: =IF($G92=0,"ครบ","ไม่ครบ") -> ครบ | I92: LATHE 1 | J92: =VLOOKUP(I92,Sheet2!$B$1:$C$9,2,FALSE) -> ชาญชัย | K92: 0.034722222 | L92: ML 2 | M92: =VLOOKUP(L92,Sheet2!$B$1:$C$9,2,FALSE) -> จักรกฤษณ์ | N92: 0.041666667 | P92: =VLOOKUP(O92,Sheet2!$B$1:$C$9,2,FALSE) -> #N/A | S92: =VLOOKUP(R92,Sheet2!$B$1:$C$9,2,FALSE) -> #N/A | U92: =$K92+$N92+$Q92+$T92 -> 0.076388889 | Y92: คุณณัฐนนท์ | Z92: 46041 | AA92: 46036 | AB92: ส่ง BU 2 | AC92: 46038 | AD92: =IF($AA92>$Z92,"เกินกำหนด","ทันกำหนด") -> ทันกำหนด
A93: 90 | B93: 46031 | C93: JA-2631-003-04_Modify | D93: 22142923 | E93: 12 | F93: 12 | G93: =$E93-$F93 -> 0 | H93: =IF($G93=0,"ครบ","ไม่ครบ") -> ครบ | I93: ML 2 | J93: =VLOOKUP(I93,Sheet2!$B$1:$C$9,2,FALSE) -> จักรกฤษณ์ | K93: 0.052083333 | M93: =VLOOKUP(L93,Sheet2!$B$1:$C$9,2,FALSE) -> #N/A | P93: =VLOOKUP(O93,Sheet2!$B$1:$C$9,2,FALSE) -> #N/A | S93: =VLOOKUP(R93,Sheet2!$B$1:$C$9,2,FALSE) -> #N/A | U93: =$K93+$N93+$Q93+$T93 -> 0.052083333 | Y93: คุณจักรกฤษณ์ | Z93: 46034 | AA93: 46031 | AB93: คุณประสิทธิ์ | AC93: 46034 | AD93: =IF($AA93>$Z93,"เกินกำหนด","ทันกำหนด") -> ทันกำหนด
A94: 91 | B94: 46031 | C94: JA-2686-001-01 | D94: FIXTURE MODEL 8990233-010 | E94: 4 | F94: 4 | G94: =$E94-$F94 -> 0 | H94: =IF($G94=0,"ครบ","ไม่ครบ") -> ครบ | I94: LATHE 1 | J94: =VLOOKUP(I94,Sheet2!$B$1:$C$9,2,FALSE) -> ชาญชัย | K94: 0.055555556 | M94: =VLOOKUP(L94,Sheet2!$B$1:$C$9,2,FALSE) -> #N/A | P94: =VLOOKUP(O94,Sheet2!$B$1:$C$9,2,FALSE) -> #N/A | S94: =VLOOKUP(R94,Sheet2!$B$1:$C$9,2,FALSE) -> #N/A | U94: =$K94+$N94+$Q94+$T94 -> 0.055555556 | Y94: คุณปฐมพงษ์ | Z94: 46052 | AA94: 46034 | AB94: คุณปฐมพงษ์ | AC94: 46038 | AD94: =IF($AA94>$Z94,"เกินกำหนด","ทันกำหนด") -> ทันกำหนด
A95: 92 | B95: 46034 | C95: JA-2668-001-01_Modify | D95: HIPOT BOX M2070-010 | E95: 1 | F95: 1 | G95: =$E95-$F95 -> 0 | H95: =IF($G95=0,"ครบ","ไม่ครบ") -> ครบ | I95: ML 2 | J95: =VLOOKUP(I95,Sheet2!$B$1:$C$9,2,FALSE) -> จักรกฤษณ์ | K95: 0.013888889 | M95: =VLOOKUP(L95,Sheet2!$B$1:$C$9,2,FALSE) -> #N/A | P95: =VLOOKUP(O95,Sheet2!$B$1:$C$9,2,FALSE) -> #N/A | S95: =VLOOKUP(R95,Sheet2!$B$1:$C$9,2,FALSE) -> #N/A | U95: =$K95+$N95+$Q95+$T95 -> 0.013888889 | Y95: คุณปฐมพงษ์ | Z95: 46035 | AA95: 46035 | AB95: คุณปฐมพงษ์ | AC95: 46035 | AD95: =IF($AA95>$Z95,"เกินกำหนด","ทันกำหนด") -> ทันกำหนด
A96: 93 | B96: 46034 | C96: JA-2664-001-01 | D96: DRF-2025-09-025-MEDWG-101 | E96: 1 | F96: 1 | G96: =$E96-$F96 -> 0 | H96: =IF($G96=0,"ครบ","ไม่ครบ") -> ครบ | I96: CAM 1 | J96: =VLOOKUP(I96,Sheet2!$B$1:$C$9,2,FALSE) -> เพลินชัย | K96: 0.027777778 | L96: CNC 3 | M96: รังสรรค์ | N96: 0.083333333 | P96: =VLOOKUP(O96,Sheet2!$B$1:$C$9,2,FALSE) -> #N/A | S96: =VLOOKUP(R96,Sheet2!$B$1:$C$9,2,FALSE) -> #N/A | U96: =$K96+$N96+$Q96+$T96 -> 0.11111111 | X96: อโนไดซ์ดำ | Y96: คุณจักรกฤษณ์ | Z96: 46052 | AA96: 46049 | AB96: คุณจักรกฤษณ์ | AC96: 46057 | AD96: =IF($AA96>$Z96,"เกินกำหนด","ทันกำหนด") -> ทันกำหนด | AE96: 1 | AH96: ไม่ Tap เกลียวรู M4 / รังสรรค์
A97: 94 | B97: 46034 | C97: JA-2664-001-02 | D97: DRF-2025-09-025-MEDWG-102 | E97: 1 | F97: 1 | G97: =$E97-$F97 -> 0 | H97: =IF($G97=0,"ครบ","ไม่ครบ") -> ครบ | I97: SPAR | J97: =VLOOKUP(I97,Sheet2!$B$1:$C$9,2,FALSE) -> ธนาพล | K97: 0.034722222 | M97: =VLOOKUP(L97,Sheet2!$B$1:$C$9,2,FALSE) -> #N/A | P97: =VLOOKUP(O97,Sheet2!$B$1:$C$9,2,FALSE) -> #N/A | S97: =VLOOKUP(R97,Sheet2!$B$1:$C$9,2,FALSE) -> #N/A | U97: =$K97+$N97+$Q97+$T97 -> 0.034722222 | Y97: คุณจักรกฤษณ์ | Z97: 46052 | AA97: 46045 | AB97: คุณจักรกฤษณ์ | AC97: 46057 | AD97: =IF($AA97>$Z97,"เกินกำหนด","ทันกำหนด") -> ทันกำหนด
A98: 95 | B98: 46034 | C98: JA-2664-001-03 | D98: DRF-2025-09-025-MEDWG-103 | E98: 1 | F98: 1 | G98: =$E98-$F98 -> 0 | H98: =IF($G98=0,"ครบ","ไม่ครบ") -> ครบ | I98: SPAR | J98: =VLOOKUP(I98,Sheet2!$B$1:$C$9,2,FALSE) -> ธนาพล | K98: 0.027777778 | M98: =VLOOKUP(L98,Sheet2!$B$1:$C$9,2,FALSE) -> #N/A | P98: =VLOOKUP(O98,Sheet2!$B$1:$C$9,2,FALSE) -> #N/A | S98: =VLOOKUP(R98,Sheet2!$B$1:$C$9,2,FALSE) -> #N/A | U98: =$K98+$N98+$Q98+$T98 -> 0.027777778 | Y98: คุณจักรกฤษณ์ | Z98: 46052 | AA98: 46046 | AB98: คุณจักรกฤษณ์ | AC98: 46057 | AD98: =IF($AA98>$Z98,"เกินกำหนด","ทันกำหนด") -> ทันกำหนด
A99: 96 | B99: 46034 | C99: JA-2664-001-04 | D99: DRF-2025-09-025-MEDWG-104 | E99: 1 | F99: 1 | G99: =$E99-$F99 -> 0 | H99: =IF($G99=0,"ครบ","ไม่ครบ") -> ครบ | I99: SPAR | J99: =VLOOKUP(I99,Sheet2!$B$1:$C$9,2,FALSE) -> ธนาพล | K99: 0.027777778 | M99: =VLOOKUP(L99,Sheet2!$B$1:$C$9,2,FALSE) -> #N/A | P99: =VLOOKUP(O99,Sheet2!$B$1:$C$9,2,FALSE) -> #N/A | S99: =VLOOKUP(R99,Sheet2!$B$1:$C$9,2,FALSE) -> #N/A | U99: =$K99+$N99+$Q99+$T99 -> 0.027777778 | Y99: คุณจักรกฤษณ์ | Z99: 46052 | AA99: 46046 | AB99: คุณจักรกฤษณ์ | AC99: 46057 | AD99: =IF($AA99>$Z99,"เกินกำหนด","ทันกำหนด") -> ทันกำหนด
A100: 97 | B100: 46034 | C100: JA-2664-001-05 | D100: DRF-2025-09-025-MEDWG-105 | E100: 1 | F100: 1 | G100: =$E100-$F100 -> 0 | H100: =IF($G100=0,"ครบ","ไม่ครบ") -> ครบ | I100: SPAR | J100: =VLOOKUP(I100,Sheet2!$B$1:$C$9,2,FALSE) -> ธนาพล | K100: 0.027777778 | M100: =VLOOKUP(L100,Sheet2!$B$1:$C$9,2,FALSE) -> #N/A | P100: =VLOOKUP(O100,Sheet2!$B$1:$C$9,2,FALSE) -> #N/A | S100: =VLOOKUP(R100,Sheet2!$B$1:$C$9,2,FALSE) -> #N/A | U100: =$K100+$N100+$Q100+$T100 -> 0.027777778 | Y100: คุณจักรกฤษณ์ | Z100: 46052 | AA100: 46046 | AB100: คุณจักรกฤษณ์ | AC100: 46057 | AD100: =IF($AA100>$Z100,"เกินกำหนด","ทันกำหนด") -> ทันกำหนด
...

Sheet D-0793
A1: No. | B1: JOB | C1: Draw. | D1: Qty. | E1: Process | F1: Outside | G1: coating | H1: Due date | I1: Priority | J1: STATUS
A2: 1 | B2: JD-0793-001-01 | C2: MATTEL-VSMC-A01 | D2: 3 | E2: CAM 1 | F2: - | G2: - | H2: 46080 | J2: รับแล้ว
A3: 2 | B3: JD-0793-001-02 | C3: MATTEL-VSMC-A02 | D3: 3 | E3: CAM 1+ML | F3: - | G3: - | H3: 46080 | J3: รับแล้ว
A4: 3 | B4: JD-0793-001-03 | C4: MATTEL-VSMC-A03 | D4: 3 | E4: CAM 1 | F4: - | G4: - | H4: 46080 | J4: รับแล้ว
A5: 4 | B5: JD-0793-001-04 | C5: MATTEL-VSMC-A04 | D5: 3 | E5: CAM 1+ML | F5: - | G5: - | H5: 46080 | J5: รับแล้ว
A6: 5 | B6: JD-0793-001-05 | C6: MATTEL-VSMC-A05 | D6: 3 | E6: CAM 2 | F6: - | G6: - | H6: 46080 | J6: รับแล้ว
A7: 6 | B7: JD-0793-001-06 | C7: MATTEL-VSMC-A06 | D7: 6 | E7: CAM 1 | F7: - | G7: - | H7: 46080 | J7: รับแล้ว
A8: 7 | B8: JD-0793-001-07 | C8: MATTEL-VSMC-A07 | D8: 3 | E8: ML 1 | F8: - | G8: - | H8: 46080 | J8: รับแล้ว
A9: 8 | B9: JD-0793-001-08 | C9: MATTEL-VSMC-A13 | D9: 3 | E9: CAM 1 | F9: - | G9: - | H9: 46084 | J9: รับแล้ว
A10: 9 | B10: JD-0793-001-09 | C10: MATTEL-VSMC-A14 | D10: 3 | E10: CAM 2 | F10: - | G10: - | H10: 46084 | J10: รับแล้ว
A11: 10 | B11: JD-0793-001-10 | C11: MATTEL-VSMC-A15 | D11: 3 | E11: LATHE 1+ML | F11: - | G11: - | H11: 46080 | J11: รับแล้ว
A12: 11 | B12: JD-0793-001-11 | C12: MATTEL-VSMC-A16 | D12: 3 | E12: LATHE 1+ML | F12: Wire cut | G12: - | H12: 46080 | J12: รับแล้ว
A13: 12 | B13: JD-0793-001-12 | C13: MATTEL-VSMC-A17 | D13: 3 | E13: LATHE 1+ML | F13: - | G13: - | H13: 46080 | J13: รับแล้ว
... A55: 54 | B55: JD-0793-001-54 | C55: MATTEL-VSMC-B14 | D55: 3 | E55: SPAR | F55: - | G55: - | H55: 46087 | J55: รับแล้ว

Sheet FEB
A1: Status On Plan Work Shop
A2: ลำดับ | B2: วันที่ | C2: JOB | D2: DWG.Name | E2: จำนวนชิ้น | F2: เสร็จแล้ว | G2: ยังไม่เสร็จ | H2: สถานะ | I2: PROCESS | J2: ผู้รับผิดชอบ | K2: เวลา/ช.ม/นาที | L2: PROCESS | M2: ผู้รับผิดชอบ | N2: เวลา/ช.ม/นาที | O2: PROCESS | P2: ผู้รับผิดชอบ | Q2: เวลา/ช.ม/นาที | R2: PROCESS | S2: ผู้รับผิดชอบ | T2: เวลา/ช.ม/นาที | U2: เวลารวม | V2: OUTSOURCE | Y2: ผู้ส่งแบบ | Z2: กำหนดส่ง | AA2: วันเสร็จจริง | AB2: ผู้รับ | AC2: วันที่รับ | AD2: KPI ส่งมอบ | AE2: แก้ไข(ชิ้น) | AG2: ราคาแมท ขึ้นใหม่ | AH2: Remark
A3: ลำดับ | B3: วันที่ | C3: JOB | D3: DWG.Name | E3: จำนวนชิ้น | F3: เสร็จแล้ว | G3: ยังไม่เสร็จ | H3: สถานะ | I3: PROCESS | J3: ผู้รับผิดชอบ | K3: เวลา/ช.ม/นาที | L3: PROCESS | M3: ผู้รับผิดชอบ | N3: เวลา/ช.ม/นาที | O3: PROCESS | P3: ผู้รับผิดชอบ | Q3: เวลา/ช.ม/นาที | R3: PROCESS | S3: ผู้รับผิดชอบ | T3: เวลา/ช.ม/นาที | U3: เวลารวม | V3: Process | W3: Process | X3: Coating /Heat Treatment | Y3: ผู้ส่งแบบ | Z3: กำหนดส่ง | AA3: วันเสร็จจริง | AB3: ผู้รับ | AC3: วันที่รับ | AE3: แก้ไขได้ | AF3: ขึ้นใหม่
A4: 1 | B4: 46055 | C4: JE-0711-002-01 | D4: Gripper Load out 711-02 | E4: 4 | F4: 4 | G4: =$E4-$F4 -> 0 | H4: =IF($G4=0,"ครบ","ไม่ครบ") -> ครบ | I4: LATHE 2 | J4: =VLOOKUP(I4,Sheet2!$B$1:$C$9,2,FALSE) -> สรายุทธ | K4: 0.125 | L4: ML 1 | M4: =VLOOKUP(L4,Sheet2!$B$1:$C$9,2,FALSE) -> วินัย | N4: 0.14236111 | P4: =VLOOKUP(O4,Sheet2!$B$1:$C$9,2,FALSE) -> #N/A | S4: =VLOOKUP(R4,Sheet2!$B$1:$C$9,2,FALSE) -> #N/A | U4: =$K4+$N4+$Q4+$T4 -> 0.26736111 | Y4: คุณสิทธิโชค | Z4: 46063 | AA4: 46058 | AB4: คุณสิทธิโชค | AC4: 46069 | AD4: =IF($AA4>$Z4,"เกินกำหนด","ทันกำหนด") -> ทันกำหนด
A5: 2 | B5: 46055 | C5: JE-0711-002-02 | D5: Gripper Load out 711-03 | E5: 4 | F5: 4 | G5: =$E5-$F5 -> 0 | H5: =IF($G5=0,"ครบ","ไม่ครบ") -> ครบ | I5: LATHE 1 | J5: =VLOOKUP(I5,Sheet2!$B$1:$C$9,2,FALSE) -> ชาญชัย | K5: 0.0625 | L5: ML 1 | M5: =VLOOKUP(L5,Sheet2!$B$1:$C$9,2,FALSE) -> วินัย | N5: 0.038194444 | P5: =VLOOKUP(O5,Sheet2!$B$1:$C$9,2,FALSE) -> #N/A | S5: =VLOOKUP(R5,Sheet2!$B$1:$C$9,2,FALSE) -> #N/A | U5: =$K5+$N5+$Q5+$T5 -> 0.10069444 | Y5: คุณสิทธิโชค | Z5: 46063 | AA5: 46056 | AB5: คุณสิทธิโชค | AC5: 46071 | AD5: =IF($AA5>$Z5,"เกินกำหนด","ทันกำหนด") -> ทันกำหนด
A6: 3 | B6: 46055 | C6: JD-0758-009-01 | D6: SIS-FBN-PTC-0C-09 | E6: 4 | F6: 4 | G6: =$E6-$F6 -> 0 | H6: =IF($G6=0,"ครบ","ไม่ครบ") -> ครบ | I6: LATHE 1 | J6: =VLOOKUP(I6,Sheet2!$B$1:$C$9,2,FALSE) -> ชาญชัย | K6: 0.041666667 | M6: =VLOOKUP(L6,Sheet2!$B$1:$C$9,2,FALSE) -> #N/A | P6: =VLOOKUP(O6,Sheet2!$B$1:$C$9,2,FALSE) -> #N/A | S6: =VLOOKUP(R6,Sheet2!$B$1:$C$9,2,FALSE) -> #N/A | U6: =$K6+$N6+$Q6+$T6 -> 0.041666667 | Y6: คุณยุทธนา | Z6: 46056 | AA6: 46055 | AB6: คุณอภิชิต | AC6: 46056 | AD6: =IF($AA6>$Z6,"เกินกำหนด","ทันกำหนด") -> ทันกำหนด
A7: 4 | B7: 46055 | C7: JA-2695-001-01 | D7: F2695-A-0025-00 | E7: 2 | F7: 2 | G7: =$E7-$F7 -> 0 | H7: =IF($G7=0,"ครบ","ไม่ครบ") -> ครบ | I7: SPAR | J7: =VLOOKUP(I7,Sheet2!$B$1:$C$9,2,FALSE) -> ธนาพล | K7: 0.048611111 | M7: =VLOOKUP(L7,Sheet2!$B$1:$C$9,2,FALSE) -> #N/A | P7: =VLOOKUP(O7,Sheet2!$B$1:$C$9,2,FALSE) -> #N/A | S7: =VLOOKUP(R7,Sheet2!$B$1:$C$9,2,FALSE) -> #N/A | U7: =$K7+$N7+$Q7+$T7 -> 0.048611111 | Y7: คุณยุทธนา | Z7: 46065 | AA7: 46056 | AB7: คุณยุทธนา | AC7: 46069 | AD7: =IF($AA7>$Z7,"เกินกำหนด","ทันกำหนด") -> ทันกำหนด
A8: 5 | B8: 46055 | C8: JA-2695-001-02 | D8: F2695-A-0028-00 | E8: 2 | F8: 2 | G8: =$E8-$F8 -> 0 | H8: =IF($G8=0,"ครบ","ไม่ครบ") -> ครบ | I8: ML 2 | J8: =VLOOKUP(I8,Sheet2!$B$1:$C$9,2,FALSE) -> จักรกฤษณ์ | K8: 0.010416667 | L8: ML 1 | M8: =VLOOKUP(L8,Sheet2!$B$1:$C$9,2,FALSE) -> วินัย | N8: 0.024305556 | P8: =VLOOKUP(O8,Sheet2!$B$1:$C$9,2,FALSE) -> #N/A | S8: =VLOOKUP(R8,Sheet2!$B$1:$C$9,2,FALSE) -> #N/A | U8: =$K8+$N8+$Q8+$T8 -> 0.034722222 | X8: รมดำ | Y8: คุณยุทธนา | Z8: 46065 | AA8: 46064 | AB8: คุณยุทธนา | AC8: 46069 | AD8: =IF($AA8>$Z8,"เกินกำหนด","ทันกำหนด") -> ทันกำหนด
A9: 6 | B9: 46055 | C9: JA-2695-001-03 | D9: F2695-A-0030-00 | E9: 1 | F9: 1 | G9: =$E9-$F9 -> 0 | H9: =IF($G9=0,"ครบ","ไม่ครบ") -> ครบ | I9: ML 2 | J9: =VLOOKUP(I9,Sheet2!$B$1:$C$9,2,FALSE) -> จักรกฤษณ์ | K9: 0.041666667 | L9: ML 1 | M9: =VLOOKUP(L9,Sheet2!$B$1:$C$9,2,FALSE) -> วินัย | N9: 0.010416667 | P9: =VLOOKUP(O9,Sheet2!$B$1:$C$9,2,FALSE) -> #N/A | S9: =VLOOKUP(R9,Sheet2!$B$1:$C$9,2,FALSE) -> #N/A | U9: =$K9+$N9+$Q9+$T9 -> 0.052083333 | Y9: คุณยุทธนา | Z9: 46065 | AA9: 46056 | AB9: คุณยุทธนา | AC9: 46069 | AD9: =IF($AA9>$Z9,"เกินกำหนด","ทันกำหนด") -> ทันกำหนด
A10: 7 | B10: 46055 | C10: JA-2695-001-04 | D10: F2695-A-0031-00 | E10: 1 | F10: 1 | G10: =$E10-$F10 -> 0 | H10: =IF($G10=0,"ครบ","ไม่ครบ") -> ครบ | I10: ML 2 | J10: =VLOOKUP(I10,Sheet2!$B$1:$C$9,2,FALSE) -> จักรกฤษณ์ | K10: 0.024305556 | L10: ML 1 | M10: =VLOOKUP(L10,Sheet2!$B$1:$C$9,2,FALSE) -> วินัย | N10: 0.017361111 | P10: =VLOOKUP(O10,Sheet2!$B$1:$C$9,2,FALSE) -> #N/A | S10: =VLOOKUP(R10,Sheet2!$B$1:$C$9,2,FALSE) -> #N/A | U10: =$K10+$N10+$Q10+$T10 -> 0.041666667 | Y10: คุณยุทธนา | Z10: 46065 | AA10: 46056 | AB10: คุณยุทธนา | AC10: 46069 | AD10: =IF($AA10>$Z10,"เกินกำหนด","ทันกำหนด") -> ทันกำหนด | AE10: 1 | AH10: เฟสความหนาผิด Spec. / จักรกฤษณ์
A11: 8 | B11: 46055 | C11: JE-0705-004-01_Modify | D11: BASE PLATE AUTO MARK DOT ECU - 007-MODIFY | E11: 1 | F11: 1 | G11: =$E11-$F11 -> 0 | H11: =IF($G11=0,"ครบ","ไม่ครบ") -> ครบ | I11: CAM 2 | J11: =VLOOKUP(I11,Sheet2!$B$1:$C$9,2,FALSE) -> สุขสันต์ | K11: 0.0069444444 | L11: CNC 5 | M11: สุขสันต์ | N11: 0.020833333 | P11: =VLOOKUP(O11,Sheet2!$B$1:$C$9,2,FALSE) -> #N/A | S11: =VLOOKUP(R11,Sheet2!$B$1:$C$9,2,FALSE) -> #N/A | U11: =$K11+$N11+$Q11+$T11 -> 0.027777778 | Y11: คุณมนัสนันท์ | Z11: 46056 | AA11: 46055 | AB11: คุณมนัสนันท์ | AC11: 46058 | AD11: =IF($AA11>$Z11,"เกินกำหนด","ทันกำหนด") -> ทันกำหนด
A12: 9 | B12: 46055 | C12: JE-0716-001-01 | D12: ANGLE SHAFT CV OUTFEED | E12: 2 | F12: 2 | G12: =$E12-$F12 -> 0 | H12: =IF($G12=0,"ครบ","ไม่ครบ") -> ครบ | I12: LATHE 1 | J12: =VLOOKUP(I12,Sheet2!$B$1:$C$9,2,FALSE) -> ชาญชัย | K12: 0.020833333 | L12: ML 2 | M12: =VLOOKUP(L12,Sheet2!$B$1:$C$9,2,FALSE) -> จักรกฤษณ์ | N12: 0.076388889 | P12: =VLOOKUP(O12,Sheet2!$B$1:$C$9,2,FALSE) -> #N/A | S12: =VLOOKUP(R12,Sheet2!$B$1:$C$9,2,FALSE) -> #N/A | U12: =$K12+$N12+$Q12+$T12 -> 0.097222222 | Y12: คุณมนัสนันท์ | Z12: 46070 | AA12: 46059 | AB12: คุณชาคริส | AC12: 46080 | AD12: =IF($AA12>$Z12,"เกินกำหนด","ทันกำหนด") -> ทันกำหนด
A13: 10 | B13: 46055 | C13: JE-0716-001-02 | D13: LINK SHAFT MOTOR BRACKET BELT CV | E13: 2 | F13: 2 | G13: =$E13-$F13 -> 0 | H13: =IF($G13=0,"ครบ","ไม่ครบ") -> ครบ | I13: LATHE 1 | J13: =VLOOKUP(I13,Sheet2!$B$1:$C$9,2,FALSE) -> ชาญชัย | K13: 0.027777778 | M13: =VLOOKUP(L13,Sheet2!$B$1:$C$9,2,FALSE) -> #N/A | P13: =VLOOKUP(O13,Sheet2!$B$1:$C$9,2,FALSE) -> #N/A | S13: =VLOOKUP(R13,Sheet2!$B$1:$C$9,2,FALSE) -> #N/A | U13: =$K13+$N13+$Q13+$T13 -> 0.027777778 | Y13: คุณมนัสนันท์ | Z13: 46070 | AA13: 46057 | AB13: คุณชาคริส | AC13: 46080 | AD13: =IF($AA13>$Z13,"เกินกำหนด","ทันกำหนด") -> ทันกำหนด
A14: 11 | B14: 46055 | C14: JE-0716-001-03 | D14: SHAFT BRUSH ROLLER CV | E14: 5 | F14: 5 | G14: =$E14-$F14 -> 0 | H14: =IF($G14=0,"ครบ","ไม่ครบ") -> ครบ | I14: LATHE 1 | J14: =VLOOKUP(I14,Sheet2!$B$1:$C$9,2,FALSE) -> ชาญชัย | K14: 0.18055556 | L14: ML 1 | M14: =VLOOKUP(L14,Sheet2!$B$1:$C$9,2,FALSE) -> วินัย | N14: 0.0625 | P14: =VLOOKUP(O14,Sheet2!$B$1:$C$9,2,FALSE) -> #N/A | S14: =VLOOKUP(R14,Sheet2!$B$1:$C$9,2,FALSE) -> #N/A | U14: =$K14+$N14+$Q14+$T14 -> 0.24305556 | Y14: คุณมนัสนันท์ | Z14: 46070 | AA14: 46062 | AB14: คุณชาคริส | AC14: 46080 | AD14: =IF($AA14>$Z14,"เกินกำหนด","ทันกำหนด") -> ทันกำหนด
A15: 12 | B15: 46055 | C15: JE-0716-001-04_Modify | D15: STUD BOLT-M16 | E15: 2 | F15: 2 | G15: =$E15-$F15 -> 0 | H15: =IF($G15=0,"ครบ","ไม่ครบ") -> ครบ | I15: LATHE 1 | J15: =VLOOKUP(I15,Sheet2!$B$1:$C$9,2,FALSE) -> ชาญชัย | K15: 0.034722222 | M15: =VLOOKUP(L15,Sheet2!$B$1:$C$9,2,FALSE) -> #N/A | P15: =VLOOKUP(O15,Sheet2!$B$1:$C$9,2,FALSE) -> #N/A | S15: =VLOOKUP(R15,Sheet2!$B$1:$C$9,2,FALSE) -> #N/A | U15: =$K15+$N15+$Q15+$T15 -> 0.034722222 | X15: ชุบซิงค์ขาว | Y15: คุณมนัสนันท์ | Z15: 46070 | AA15: 46064 | AB15: คุณชาคริส | AC15: 46080 | AD15: =IF($AA15>$Z15,"เกินกำหนด","ทันกำหนด") -> ทันกำหนด
A16: 13 | B16: 46056 | C16: JB-0376-002-01_Modify | D16: ME-B0376-01-009-0019 | E16: 8 | F16: 8 | G16: =$E16-$F16 -> 0 | H16: =IF($G16=0,"ครบ","ไม่ครบ") -> ครบ | I16: LATHE 1 | J16: =VLOOKUP(I16,Sheet2!$B$1:$C$9,2,FALSE) -> ชาญชัย | K16: 0.027777778 | M16: =VLOOKUP(L16,Sheet2!$B$1:$C$9,2,FALSE) -> #N/A | P16: =VLOOKUP(O16,Sheet2!$B$1:$C$9,2,FALSE) -> #N/A | S16: =VLOOKUP(R16,Sheet2!$B$1:$C$9,2,FALSE) -> #N/A | U16: =$K16+$N16+$Q16+$T16 -> 0.027777778 | Y16: คุณณัฐนนท์ | Z16: 46056 | AA16: 46056 | AB16: คุณวิศรุต | AC16: 46056 | AD16: =IF($AA16>$Z16,"เกินกำหนด","ทันกำหนด") -> ทันกำหนด
A17: 14 | B17: 46056 | C17: JA-2557-007_Modify | D17: Wave Pallet GXC_G78342-027 REV3 | E17: 4 | F17: 4 | G17: =$E17-$F17 -> 0 | H17: =IF($G17=0,"ครบ","ไม่ครบ") -> ครบ | I17: ML 2 | J17: =VLOOKUP(I17,Sheet2!$B$1:$C$9,2,FALSE) -> จักรกฤษณ์ | K17: 0.027777778 | M17: =VLOOKUP(L17,Sheet2!$B$1:$C$9,2,FALSE) -> #N/A | P17: =VLOOKUP(O17,Sheet2!$B$1:$C$9,2,FALSE) -> #N/A | S17: =VLOOKUP(R17,Sheet2!$B$1:$C$9,2,FALSE) -> #N/A | U17: =$K17+$N17+$Q17+$T17 -> 0.027777778 | Y17: คุณจักรกฤษณ์ | Z17: 46056 | AA17: 46056 | AB17: คุณจักรกฤษณ์ | AC17: 46056 | AD17: =IF($AA17>$Z17,"เกินกำหนด","ทันกำหนด") -> ทันกำหนด
A18: 15 | B18: 46056 | C18: JC-0147-001-01 | D18: XAAR Multi-Tester 002 | E18: 6 | F18: 6 | G18: =$E18-$F18 -> 0 | H18: =IF($G18=0,"ครบ","ไม่ครบ") -> ครบ | I18: LATHE 1 | J18: =VLOOKUP(I18,Sheet2!$B$1:$C$9,2,FALSE) -> ชาญชัย | K18: 0.041666667 | M18: =VLOOKUP(L18,Sheet2!$B$1:$C$9,2,FALSE) -> #N/A | P18: =VLOOKUP(O18,Sheet2!$B$1:$C$9,2,FALSE) -> #N/A | S18: =VLOOKUP(R18,Sheet2!$B$1:$C$9,2,FALSE) -> #N/A | U18: =$K18+$N18+$Q18+$T18 -> 0.041666667 | Y18: คุณจักรกฤษณ์ | Z18: 46065 | AA18: 46056 | AB18: คุณจักรกฤษณ์ | AC18: 46087 | AD18: =IF($AA18>$Z18,"เกินกำหนด","ทันกำหนด") -> ทันกำหนด
A19: 16 | B19: 46056 | C19: JC-0147-001-02 | D19: XAAR Multi-Tester 060 | E19: 8 | F19: 8 | G19: =$E19-$F19 -> 0 | H19: =IF($G19=0,"ครบ","ไม่ครบ") -> ครบ | I19: LATHE 1 | J19: =VLOOKUP(I19,Sheet2!$B$1:$C$9,2,FALSE) -> ชาญชัย | K19: 0.10416667 | M19: =VLOOKUP(L19,Sheet2!$B$1:$C$9,2,FALSE) -> #N/A | P19: =VLOOKUP(O19,Sheet2!$B$1:$C$9,2,FALSE) -> #N/A | S19: =VLOOKUP(R19,Sheet2!$B$1:$C$9,2,FALSE) -> #N/A | U19: =$K19+$N19+$Q19+$T19 -> 0.10416667 | Y19: คุณจักรกฤษณ์ | Z19: 46065 | AA19: 46056 | AB19: คุณจักรกฤษณ์ | AC19: 46087 | AD19: =IF($AA19>$Z19,"เกินกำหนด","ทันกำหนด") -> ทันกำหนด
A20: 17 | B20: 46056 | C20: JC-0147-001-03 | D20: XAAR Multi-Tester REV1.01 038 | E20: 2 | F20: 2 | G20: =$E20-$F20 -> 0 | H20: =IF($G20=0,"ครบ","ไม่ครบ") -> ครบ | I20: LATHE 1 | J20: =VLOOKUP(I20,Sheet2!$B$1:$C$9,2,FALSE) -> ชาญชัย | K20: 0.03125 | M20: =VLOOKUP(L20,Sheet2!$B$1:$C$9,2,FALSE) -> #N/A | P20: =VLOOKUP(O20,Sheet2!$B$1:$C$9,2,FALSE) -> #N/A | S20: =VLOOKUP(R20,Sheet2!$B$1:$C$9,2,FALSE) -> #N/A | U20: =$K20+$N20+$Q20+$T20 -> 0.03125 | Y20: คุณจักรกฤษณ์ | Z20: 46065 | AA20: 46056 | AB20: คุณจักรกฤษณ์ | AC20: 46087 | AD20: =IF($AA20>$Z20,"เกินกำหนด","ทันกำหนด") -> ทันกำหนด
A21: 18 | B21: 46056 | C21: JC-0147-001-04 | D21: XAAR Multi-Tester REV1.01 041 | E21: 16 | F21: 16 | G21: =$E21-$F21 -> 0 | H21: =IF($G21=0,"ครบ","ไม่ครบ") -> ครบ | I21: LATHE 1 | J21: =VLOOKUP(I21,Sheet2!$B$1:$C$9,2,FALSE) -> ชาญชัย | K21: 0.17361111 | M21: =VLOOKUP(L21,Sheet2!$B$1:$C$9,2,FALSE) -> #N/A | P21: =VLOOKUP(O21,Sheet2!$B$1:$C$9,2,FALSE) -> #N/A | S21: =VLOOKUP(R21,Sheet2!$B$1:$C$9,2,FALSE) -> #N/A | U21: =$K21+$N21+$Q21+$T21 -> 0.17361111 | Y21: คุณจักรกฤษณ์ | Z21: 46065 | AA21: 46057 | AB21: คุณจักรกฤษณ์ | AC21: 46087 | AD21: =IF($AA21>$Z21,"เกินกำหนด","ทันกำหนด") -> ทันกำหนด
A22: 19 | B22: 46056 | C22: JA-2712-001-01_ตัดแมท | D22: ตัดแมท NIKA 6x245x270 mm. | E22: 1 | F22: 1 | G22: =$E22-$F22 -> 0 | H22: =IF($G22=0,"ครบ","ไม่ครบ") -> ครบ | I22: SPAR | J22: =VLOOKUP(I22,Sheet2!$B$1:$C$9,2,FALSE) -> ธนาพล | K22: 0.020833333 | M22: =VLOOKUP(L22,Sheet2!$B$1:$C$9,2,FALSE) -> #N/A | P22: =VLOOKUP(O22,Sheet2!$B$1:$C$9,2,FALSE) -> #N/A | S22: =VLOOKUP(R22,Sheet2!$B$1:$C$9,2,FALSE) -> #N/A | U22: =$K22+$N22+$Q22+$T22 -> 0.020833333 | Y22: คุณจักรกฤษณ์ | Z22: 46057 | AA22: 46056 | AB22: คุณอารยา | AC22: 46057 | AD22: =IF($AA22>$Z22,"เกินกำหนด","ทันกำหนด") -> ทันกำหนด
A23: 20 | B23: 46056 | C23: JA-2667-003-01_Modify | D23: IPU KIT FOR M2070-011 Rev.1 | E23: 1 | F23: 1 | G23: =$E23-$F23 -> 0 | H23: =IF($G23=0,"ครบ","ไม่ครบ") -> ครบ | I23: ML 2 | J23: =VLOOKUP(I23,Sheet2!$B$1:$C$9,2,FALSE) -> จักรกฤษณ์ | K23: 0.010416667 | M23: =VLOOKUP(L23,Sheet2!$B$1:$C$9,2,FALSE) -> #N/A | P23: =VLOOKUP(O23,Sheet2!$B$1:$C$9,2,FALSE) -> #N/A | S23: =VLOOKUP(R23,Sheet2!$B$1:$C$9,2,FALSE) -> #N/A | U23: =$K23+$N23+$Q23+$T23 -> 0.010416667 | Y23: คุณยุทธนา | Z23: 46057 | AA23: 46057 | AB23: คุณยุทธนา | AC23: 46058 | AD23: =IF($AA23>$Z23,"เกินกำหนด","ทันกำหนด") -> ทันกำหนด
A24: 21 | B24: 46057 | C24: JA-2683-002-01_Modify | D24: IPU KIT FOR M2014-019 | E24: 1 | F24: 1 | G24: =$E24-$F24 -> 0 | H24: =IF($G24=0,"ครบ","ไม่ครบ") -> ครบ | I24: ML 1 | J24: =VLOOKUP(I24,Sheet2!$B$1:$C$9,2,FALSE) -> วินัย | K24: 0.024305556 | M24: =VLOOKUP(L24,Sheet2!$B$1:$C$9,2,FALSE) -> #N/A | P24: =VLOOKUP(O24,Sheet2!$B$1:$C$9,2,FALSE) -> #N/A | S24: =VLOOKUP(R24,Sheet2!$B$1:$C$9,2,FALSE) -> #N/A | U24: =$K24+$N24+$Q24+$T24 -> 0.024305556 | Y24: คุณปฐมพงษ์ | Z24: 46057 | AA24: 46057 | AB24: คุณปฐมพงษ์ | AC24: 46057 | AD24: =IF($AA24>$Z24,"เกินกำหนด","ทันกำหนด") -> ทันกำหนด
A25: 22 | B25: 46057 | C25: JE-0716-001-05 | D25: DRIVE ROLLER Di80 for BELT W400 | E25: 5 | F25: 5 | G25: =$E25-$F25 -> 0 | H25: =IF($G25=0,"ครบ","ไม่ครบ") -> ครบ | I25: LATHE 2 | J25: =VLOOKUP(I25,Sheet2!$B$1:$C$9,2,FALSE) -> สรายุทธ | K25: 0.013888889 | L25: ML 2 | M25: =VLOOKUP(L25,Sheet2!$B$1:$C$9,2,FALSE) -> จักรกฤษณ์ | N25: 0.125 | P25: =VLOOKUP(O25,Sheet2!$B$1:$C$9,2,FALSE) -> #N/A | S25: =VLOOKUP(R25,Sheet2!$B$1:$C$9,2,FALSE) -> #N/A | U25: =$K25+$N25+$Q25+$T25 -> 0.13888889 | Y25: คุณมนัสนันท์ | Z25: 46080 | AA25: 46069 | AB25: คุณมนัสนันท์ | AC25: 46079 | AD25: =IF($AA25>$Z25,"เกินกำหนด","ทันกำหนด") -> ทันกำหนด
A26: 23 | B26: 46057 | C26: JE-0716-001-06 | D26: TAIL ROLLER D50 for BELT W400 | E26: 5 | F26: 5 | G26: =$E26-$F26 -> 0 | H26: =IF($G26=0,"ครบ","ไม่ครบ") -> ครบ | I26: LATHE 2 | J26: =VLOOKUP(I26,Sheet2!$B$1:$C$9,2,FALSE) -> สรายุทธ | K26: 0.66666667 | M26: =VLOOKUP(L26,Sheet2!$B$1:$C$9,2,FALSE) -> #N/A | P26: =VLOOKUP(O26,Sheet2!$B$1:$C$9,2,FALSE) -> #N/A | S26: =VLOOKUP(R26,Sheet2!$B$1:$C$9,2,FALSE) -> #N/A | U26: =$K26+$N26+$Q26+$T26 -> 0.66666667 | X26: ชุบซิงค์ขาว | Y26: คุณมนัสนันท์ | Z26: 46080 | AA26: 46079 | AB26: คุณชาคริส | AC26: 46080 | AD26: =IF($AA26>$Z26,"เกินกำหนด","ทันกำหนด") -> ทันกำหนด
A27: 24 | B27: 46057 | C27: JE-0716-001-07 | D27: TAIL ROLLER Di50 with BRUSH for BELT W400 | E27: 5 | F27: 5 | G27: =$E27-$F27 -> 0 | H27: =IF($G27=0,"ครบ","ไม่ครบ") -> ครบ | I27: LATHE 2 | J27: =VLOOKUP(I27,Sheet2!$B$1:$C$9,2,FALSE) -> สรายุทธ | K27: 0.70833333 | L27: ML 2 | M27: =VLOOKUP(L27,Sheet2!$B$1:$C$9,2,FALSE) -> จักรกฤษณ์ | N27: 0.125 | P27: =VLOOKUP(O27,Sheet2!$B$1:$C$9,2,FALSE) -> #N/A | S27: =VLOOKUP(R27,Sheet2!$B$1:$C$9,2,FALSE) -> #N/A | U27: =$K27+$N27+$Q27+$T27 -> 0.83333333 | X27: ชุบซิงค์ขาว | Y27: คุณมนัสนันท์ | Z27: 46080 | AA27: 46079 | AB27: คุณชาคริส | AC27: 46080 | AD27: =IF($AA27>$Z27,"เกินกำหนด","ทันกำหนด") -> ทันกำหนด
A28: 25 | B28: 46057 | C28: JB-0381-003-01 | D28: ME-B0381-01-000-0103 | E28: 1 | F28: 1 | G28: =$E28-$F28 -> 0 | H28: =IF($G28=0,"ครบ","ไม่ครบ") -> ครบ | I28: SPAR | J28: =VLOOKUP(I28,Sheet2!$B$1:$C$9,2,FALSE) -> ธนาพล | K28: 0.041666667 | M28: =VLOOKUP(L28,Sheet2!$B$1:$C$9,2,FALSE) -> #N/A | P28: =VLOOKUP(O28,Sheet2!$B$1:$C$9,2,FALSE) -> #N/A | S28: =VLOOKUP(R28,Sheet2!$B$1:$C$9,2,FALSE) -> #N/A | U28: =$K28+$N28+$Q28+$T28 -> 0.041666667 | Y28: คุณอนุวัฒิ | Z28: 46072 | AA28: 46063 | AB28: ส่ง BU 2 | AC28: 46071 | AD28: =IF($AA28>$Z28,"เกินกำหนด","ทันกำหนด") -> ทันกำหนด
A29: 26 | B29: 46057 | C29: JB-0381-003-02 | D29: ME-B0381-01-000-0109 | E29: 2 | F29: 2 | G29: =$E29-$F29 -> 0 | H29: =IF($G29=0,"ครบ","ไม่ครบ") -> ครบ | I29: SPAR | J29: =VLOOKUP(I29,Sheet2!$B$1:$C$9,2,FALSE) -> ธนาพล | K29: 0.0625 | M29: =VLOOKUP(L29,Sheet2!$B$1:$C$9,2,FALSE) -> #N/A | P29: =VLOOKUP(O29,Sheet2!$B$1:$C$9,2,FALSE) -> #N/A | S29: =VLOOKUP(R29,Sheet2!$B$1:$C$9,2,FALSE) -> #N/A | U29: =$K29+$N29+$Q29+$T29 -> 0.0625 | Y29: คุณอนุวัฒิ | Z29: 46072 | AA29: 46063 | AB29: ส่ง BU 2 | AC29: 46071 | AD29: =IF($AA29>$Z29,"เกินกำหนด","ทันกำหนด") -> ทันกำหนด
A30: 27 | B30: 46057 | C30: JB-0381-003-03 | D30: ME-B0381-01-000-0137 | E30: 2 | F30: 2 | G30: =$E30-$F30 -> 0 | H30: =IF($G30=0,"ครบ","ไม่ครบ") -> ครบ | I30: SPAR | J30: =VLOOKUP(I30,Sheet2!$B$1:$C$9,2,FALSE) -> ธนาพล | K30: 0.041666667 | M30: =VLOOKUP(L30,Sheet2!$B$1:$C$9,2,FALSE) -> #N/A | P30: =VLOOKUP(O30,Sheet2!$B$1:$C$9,2,FALSE) -> #N/A | S30: =VLOOKUP(R30,Sheet2!$B$1:$C$9,2,FALSE) -> #N/A | U30: =$K30+$N30+$Q30+$T30 -> 0.041666667 | Y30: คุณอนุวัฒิ | Z30: 46072 | AA30: 46063 | AB30: ส่ง BU 2 | AC30: 46071 | AD30: =IF($AA30>$Z30,"เกินกำหนด","ทันกำหนด") -> ทันกำหนด
A31: 28 | B31: 46057 | C31: JB-0381-003-04 | D31: ME-B0381-01-000-0138 | E31: 2 | F31: 2 | G31: =$E31-$F31 -> 0 | H31: =IF($G31=0,"ครบ","ไม่ครบ") -> ครบ | I31: SPAR | J31: =VLOOKUP(I31,Sheet2!$B$1:$C$9,2,FALSE) -> ธนาพล | K31: 0.041666667 | M31: =VLOOKUP(L31,Sheet2!$B$1:$C$9,2,FALSE) -> #N/A | P31: =VLOOKUP(O31,Sheet2!$B$1:$C$9,2,FALSE) -> #N/A | S31: =VLOOKUP(R31,Sheet2!$B$1:$C$9,2,FALSE) -> #N/A | U31: =$K31+$N31+$Q31+$T31 -> 0.041666667 | Y31: คุณอนุวัฒิ | Z31: 46072 | AA31: 46063 | AB31: ส่ง BU 2 | AC31: 46071 | AD31: =IF($AA31>$Z31,"เกินกำหนด","ทันกำหนด") -> ทันกำหนด
A32: 29 | B32: 46057 | C32: JB-0381-003-05 | D32: ME-B0381-01-000-0139 | E32: 2 | F32: 2 | G32: =$E32-$F32 -> 0 | H32: =IF($G32=0,"ครบ","ไม่ครบ") -> ครบ | I32: SPAR | J32: =VLOOKUP(I32,Sheet2!$B$1:$C$9,2,FALSE) -> ธนาพล | K32: 0.020833333 | M32: =VLOOKUP(L32,Sheet2!$B$1:$C$9,2,FALSE) -> #N/A | P32: =VLOOKUP(O32,Sheet2!$B$1:$C$9,2,FALSE) -> #N/A | S32: =VLOOKUP(R32,Sheet2!$B$1:$C$9,2,FALSE) -> #N/A | U32: =$K32+$N32+$Q32+$T32 -> 0.020833333 | Y32: คุณอนุวัฒิ | Z32: 46072 | AA32: 46063 | AB32: ส่ง BU 2 | AC32: 46071 | AD32: =IF($AA32>$Z32,"เกินกำหนด","ทันกำหนด") -> ทันกำหนด
A33: 30 | B33: 46057 | C33: JB-0381-003-06 | D33: ME-B0381-01-000-0147 | E33: 1 | F33: 1 | G33: =$E33-$F33 -> 0 | H33: =IF($G33=0,"ครบ","ไม่ครบ") -> ครบ | I33: SPAR | J33: =VLOOKUP(I33,Sheet2!$B$1:$C$9,2,FALSE) -> ธนาพล | K33: 0.041666667 | L33: CAM 1 | M33: =VLOOKUP(L33,Sheet2!$B$1:$C$9,2,FALSE) -> เพลินชัย | N33: 0.034722222 | O33: CNC 2 | P33: รังสรรค์ | Q33: 0.083333333 | S33: =VLOOKUP(R33,Sheet2!$B$1:$C$9,2,FALSE) -> #N/A | U33: =$K33+$N33+$Q33+$T33 -> 0.15972222 | Y33: คุณอนุวัฒิ | Z33: 46072 | AA33: 46062 | AB33: ส่ง BU 2 | AC33: 46071 | AD33: =IF($AA33>$Z33,"เกินกำหนด","ทันกำหนด") -> ทันกำหนด
A34: 31 | B34: 46057 | C34: JB-0381-003-07 | D34: ME-B0381-01-000-0154 | E34: 2 | F34: 2 | G34: =$E34-$F34 -> 0 | H34: =IF($G34=0,"ครบ","ไม่ครบ") -> ครบ | I34: SPAR | J34: =VLOOKUP(I34,Sheet2!$B$1:$C$9,2,FALSE) -> ธนาพล | K34: 0.048611111 | M34: =VLOOKUP(L34,Sheet2!$B$1:$C$9,2,FALSE) -> #N/A | P34: =VLOOKUP(O34,Sheet2!$B$1:$C$9,2,FALSE) -> #N/A | S34: =VLOOKUP(R34,Sheet2!$B$1:$C$9,2,FALSE) -> #N/A | U34: =$K34+$N34+$Q34+$T34 -> 0.048611111 | Y34: คุณอนุวัฒิ | Z34: 46072 | AA34: 46064 | AB34: ส่ง BU 2 | AC34: 46071 | AD34: =IF($AA34>$Z34,"เกินกำหนด","ทันกำหนด") -> ทันกำหนด
A35: 32 | B35: 46057 | C35: JB-0381-003-08 | D35: ME-B0381-01-000-0155 | E35: 2 | F35: 2 | G35: =$E35-$F35 -> 0 | H35: =IF($G35=0,"ครบ","ไม่ครบ") -> ครบ | I35: SPAR | J35: =VLOOKUP(I35,Sheet2!$B$1:$C$9,2,FALSE) -> ธนาพล | K35: 0.041666667 | M35: =VLOOKUP(L35,Sheet2!$B$1:$C$9,2,FALSE) -> #N/A | P35: =VLOOKUP(O35,Sheet2!$B$1:$C$9,2,FALSE) -> #N/A | S35: =VLOOKUP(R35,Sheet2!$B$1:$C$9,2,FALSE) -> #N/A | U35: =$K35+$N35+$Q35+$T35 -> 0.041666667 | Y35: คุณอนุวัฒิ | Z35: 46072 | AA35: 46064 | AB35: ส่ง BU 2 | AC35: 46071 | AD35: =IF($AA35>$Z35,"เกินกำหนด","ทันกำหนด") -> ทันกำหนด
A36: 33 | B36: 46057 | C36: JB-0381-003-09 | D36: ME-B0381-01-000-0196 | E36: 2 | F36: 2 | G36: =$E36-$F36 -> 0 | H36: =IF($G36=0,"ครบ","ไม่ครบ") -> ครบ | I36: SPAR | J36: =VLOOKUP(I36,Sheet2!$B$1:$C$9,2,FALSE) -> ธนาพล | K36: 0.041666667 | M36: =VLOOKUP(L36,Sheet2!$B$1:$C$9,2,FALSE) -> #N/A | P36: =VLOOKUP(O36,Sheet2!$B$1:$C$9,2,FALSE) -> #N/A | S36: =VLOOKUP(R36,Sheet2!$B$1:$C$9,2,FALSE) -> #N/A | U36: =$K36+$N36+$Q36+$T36 -> 0.041666667 | Y36: คุณอนุวัฒิ | Z36: 46072 | AA36: 46064 | AB36: ส่ง BU 2 | AC36: 46071 | AD36: =IF($AA36>$Z36,"เกินกำหนด","ทันกำหนด") -> ทันกำหนด
A37: 34 | B37: 46057 | C37: JA-2710-001-01 | D37: LA0001-080001-01 | E37: 4 | F37: 4 | G37: =$E37-$F37 -> 0 | H37: =IF($G37=0,"ครบ","ไม่ครบ") -> ครบ | I37: SPAR | J37: =VLOOKUP(I37,Sheet2!$B$1:$C$9,2,FALSE) -> ธนาพล | K37: 0.16666667 | M37: =VLOOKUP(L37,Sheet2!$B$1:$C$9,2,FALSE) -> #N/A | P37: =VLOOKUP(O37,Sheet2!$B$1:$C$9,2,FALSE) -> #N/A | S37: =VLOOKUP(R37,Sheet2!$B$1:$C$9,2,FALSE) -> #N/A | U37: =$K37+$N37+$Q37+$T37 -> 0.16666667 | Y37: คุณยุทธนา | Z37: 46078 | AA37: 46076 | AB37: คุณยุทธนา | AC37: 46079 | AD37: =IF($AA37>$Z37,"เกินกำหนด","ทันกำหนด") -> ทันกำหนด
A38: 35 | B38: 46057 | C38: JA-2710-001-02 | D38: LA2306-010107-00 | E38: 4 | F38: 4 | G38: =$E38-$F38 -> 0 | H38: =IF($G38=0,"ครบ","ไม่ครบ") -> ครบ | I38: LATHE 1 | J38: =VLOOKUP(I38,Sheet2!$B$1:$C$9,2,FALSE) -> ชาญชัย | K38: 0.090277778 | L38: ML 1 | M38: =VLOOKUP(L38,Sheet2!$B$1:$C$9,2,FALSE) -> วินัย | N38: 0.086805556 | P38: =VLOOKUP(O38,Sheet2!$B$1:$C$9,2,FALSE) -> #N/A | S38: =VLOOKUP(R38,Sheet2!$B$1:$C$9,2,FALSE) -> #N/A | U38: =$K38+$N38+$Q38+$T38 -> 0.17708333 | X38: อโนไดซ์ขาว | Y38: คุณยุทธนา | Z38: 46090 | AA38: 46085 | AB38: คุณธนภูมิ | AC38: 46087 | AD38: =IF($AA38>$Z38,"เกินกำหนด","ทันกำหนด") -> ทันกำหนด
A39: 36 | B39: 46057 | C39: JA-2710-001-03 | D39: LA3517-000001-00 | E39: 2 | F39: 2 | G39: =$E39-$F39 -> 0 | H39: =IF($G39=0,"ครบ","ไม่ครบ") -> ครบ | I39: LATHE 1 | J39: =VLOOKUP(I39,Sheet2!$B$1:$C$9,2,FALSE) -> ชาญชัย | K39: 0.048611111 | M39: =VLOOKUP(L39,Sheet2!$B$1:$C$9,2,FALSE) -> #N/A | P39: =VLOOKUP(O39,Sheet2!$B$1:$C$9,2,FALSE) -> #N/A | S39: =VLOOKUP(R39,Sheet2!$B$1:$C$9,2,FALSE) -> #N/A | U39: =$K39+$N39+$Q39+$T39 -> 0.048611111 | Y39: คุณยุทธนา | Z39: 46090 | AA39: 46064 | AB39: คุณธนภูมิ | AC39: 46093 | AD39: =IF($AA39>$Z39,"เกินกำหนด","ทันกำหนด") -> ทันกำหนด
A40: 37 | B40: 46057 | C40: JA-2710-001-04 | D40: LA3517-000002-00 | E40: 2 | F40: 2 | G40: =$E40-$F40 -> 0 | H40: =IF($G40=0,"ครบ","ไม่ครบ") -> ครบ | I40: LATHE 1 | J40: =VLOOKUP(I40,Sheet2!$B$1:$C$9,2,FALSE) -> ชาญชัย | K40: 0.0625 | M40: =VLOOKUP(L40,Sheet2!$B$1:$C$9,2,FALSE) -> #N/A | P40: =VLOOKUP(O40,Sheet2!$B$1:$C$9,2,FALSE) -> #N/A | S40: =VLOOKUP(R40,Sheet2!$B$1:$C$9,2,FALSE) -> #N/A | U40: =$K40+$N40+$Q40+$T40 -> 0.0625 | Y40: คุณยุทธนา | Z40: 46090 | AA40: 46064 | AB40: คุณธนภูมิ | AC40: 46093 | AD40: =IF($AA40>$Z40,"เกินกำหนด","ทันกำหนด") -> ทันกำหนด
A41: 38 | B41: 46057 | C41: JA-2710-001-05 | D41: LA3517-010009-00 | E41: 2 | F41: 2 | G41: =$E41-$F41 -> 0 | H41: =IF($G41=0,"ครบ","ไม่ครบ") -> ครบ | I41: SPAR | J41: =VLOOKUP(I41,Sheet2!$B$1:$C$9,2,FALSE) -> ธนาพล | K41: 0.076388889 | M41: =VLOOKUP(L41,Sheet2!$B$1:$C$9,2,FALSE) -> #N/A | P41: =VLOOKUP(O41,Sheet2!$B$1:$C$9,2,FALSE) -> #N/A | S41: =VLOOKUP(R41,Sheet2!$B$1:$C$9,2,FALSE) -> #N/A | U41: =$K41+$N41+$Q41+$T41 -> 0.076388889 | Y41: คุณยุทธนา | Z41: 46078 | AA41: 46073 | AB41: คุณยุทธนา | AC41: 46079 | AD41: =IF($AA41>$Z41,"เกินกำหนด","ทันกำหนด") -> ทันกำหนด
A42: 39 | B42: 46057 | C42: JA-2710-001-06 | D42: LA3517-010013-00 | E42: 4 | F42: 4 | G42: =$E42-$F42 -> 0 | H42: =IF($G42=0,"ครบ","ไม่ครบ") -> ครบ | I42: CAM 2 | J42: =VLOOKUP(I42,Sheet2!$B$1:$C$9,2,FALSE) -> สุขสันต์ | K42: 0.020833333 | L42: CNC 5 | M42: ชนาธิศ | N42: 0.3125 | P42: =VLOOKUP(O42,Sheet2!$B$1:$C$9,2,FALSE) -> #N/A | S42: =VLOOKUP(R42,Sheet2!$B$1:$C$9,2,FALSE) -> #N/A | U42: =$K42+$N42+$Q42+$T42 -> 0.33333333 | Y42: คุณยุทธนา | Z42: 46090 | AA42: 46088 | AB42: คุณธนภูมิ | AC42: 46093 | AD42: =IF($AA42>$Z42,"เกินกำหนด","ทันกำหนด") -> ทันกำหนด
A43: 40 | B43: 46057 | C43: JA-2710-001-07 | D43: LA3517-010019-00 | E43: 2 | F43: 2 | G43: =$E43-$F43 -> 0 | H43: =IF($G43=0,"ครบ","ไม่ครบ") -> ครบ | I43: CAM 1 | J43: =VLOOKUP(I43,Sheet2!$B$1:$C$9,2,FALSE) -> เพลินชัย | K43: 0.027777778 | L43: CNC 3 | M43: เพลินชัย | N43: 0.0625 | P43: =VLOOKUP(O43,Sheet2!$B$1:$C$9,2,FALSE) -> #N/A | S43: =VLOOKUP(R43,Sheet2!$B$1:$C$9,2,FALSE) -> #N/A | U43: =$K43+$N43+$Q43+$T43 -> 0.090277778 | Y43: คุณยุทธนา | Z43: 46090 | AA43: 46057 | AB43: คุณธนภูมิ | AC43: 46093 | AD43: =IF($AA43>$Z43,"เกินกำหนด","ทันกำหนด") -> ทันกำหนด
A44: 41 | B44: 46057 | C44: JA-2710-001-08 | D44: LA3517-010103-00 | E44: 4 | F44: 4 | G44: =$E44-$F44 -> 0 | H44: =IF($G44=0,"ครบ","ไม่ครบ") -> ครบ | I44: LATHE 2 | J44: =VLOOKUP(I44,Sheet2!$B$1:$C$9,2,FALSE) -> สรายุทธ | K44: 0.041666667 | L44: ML 2 | M44: =VLOOKUP(L44,Sheet2!$B$1:$C$9,2,FALSE) -> จักรกฤษณ์ | N44: 0.041666667 | P44: =VLOOKUP(O44,Sheet2!$B$1:$C$9,2,FALSE) -> #N/A | S44: =VLOOKUP(R44,Sheet2!$B$1:$C$9,2,FALSE) -> #N/A | U44: =$K44+$N44+$Q44+$T44 -> 0.083333333 | X44: อโนไดซ์ขาว | Y44: คุณยุทธนา | Z44: 46090 | AA44: 46086 | AB44: คุณธนภูมิ | AC44: 46087 | AD44: =IF($AA44>$Z44,"เกินกำหนด","ทันกำหนด") -> ทันกำหนด
A45: 42 | B45: 46057 | C45: JA-2710-001-09 | D45: LA3517-010106-00 | E45: 4 | F45: 4 | G45: =$E45-$F45 -> 0 | H45: =IF($G45=0,"ครบ","ไม่ครบ") -> ครบ | I45: LATHE 1 | J45: =VLOOKUP(I45,Sheet2!$B$1:$C$9,2,FALSE) -> ชาญชัย | K45: 0.27083333 | L45: ML 1 | M45: =VLOOKUP(L45,Sheet2!$B$1:$C$9,2,FALSE) -> วินัย | N45: 0.076388889 | P45: =VLOOKUP(O45,Sheet2!$B$1:$C$9,2,FALSE) -> #N/A | S45: =VLOOKUP(R45,Sheet2!$B$1:$C$9,2,FALSE) -> #N/A | U45: =$K45+$N45+$Q45+$T45 -> 0.34722222 | Y45: คุณยุทธนา | Z45: 46078 | AA45: 46064 | AB45: คุณยุทธนา | AC45: 46086 | AD45: =IF($AA45>$Z45,"เกินกำหนด","ทันกำหนด") -> ทันกำหนด
A46: 43 | B46: 46057 | C46: JA-2710-001-10 | D46: LA3517-010110-00 | E46: 4 | F46: 4 | G46: =$E46-$F46 -> 0 | H46: =IF($G46=0,"ครบ","ไม่ครบ") -> ครบ | I46: ML 2 | J46: =VLOOKUP(I46,Sheet2!$B$1:$C$9,2,FALSE) -> จักรกฤษณ์ | K46: 0.041666667 | M46: =VLOOKUP(L46,Sheet2!$B$1:$C$9,2,FALSE) -> #N/A | P46: =VLOOKUP(O46,Sheet2!$B$1:$C$9,2,FALSE) -> #N/A | S46: =VLOOKUP(R46,Sheet2!$B$1:$C$9,2,FALSE) -> #N/A | U46: =$K46+$N46+$Q46+$T46 -> 0.041666667 | Y46: คุณยุทธนา | Z46: 46090 | AA46: 46070 | AB46: คุณธนภูมิ | AC46: 46093 | AD46: =IF($AA46>$Z46,"เกินกำหนด","ทันกำหนด") -> ทันกำหนด
A47: 44 | B47: 46057 | C47: JA-2710-001-11 | D47: LA3517-010302-00 | E47: 4 | F47: 4 | G47: =$E47-$F47 -> 0 | H47: =IF($G47=0,"ครบ","ไม่ครบ") -> ครบ | I47: LATHE 1 | J47: =VLOOKUP(I47,Sheet2!$B$1:$C$9,2,FALSE) -> ชาญชัย | K47: 0.041666667 | M47: =VLOOKUP(L47,Sheet2!$B$1:$C$9,2,FALSE) -> #N/A | P47: =VLOOKUP(O47,Sheet2!$B$1:$C$9,2,FALSE) -> #N/A | S47: =VLOOKUP(R47,Sheet2!$B$1:$C$9,2,FALSE) -> #N/A | U47: =$K47+$N47+$Q47+$T47 -> 0.041666667 | Y47: คุณยุทธนา | Z47: 46090 | AA47: 46063 | AB47: คุณธนภูมิ | AC47: 46087 | AD47: =IF($AA47>$Z47,"เกินกำหนด","ทันกำหนด") -> ทันกำหนด
A48: 45 | B48: 46057 | C48: JA-2710-001-12_Modify | D48: LA3517-020102-00 | E48: 4 | F48: 4 | G48: =$E48-$F48 -> 0 | H48: =IF($G48=0,"ครบ","ไม่ครบ") -> ครบ | I48: ML 1 | J48: =VLOOKUP(I48,Sheet2!$B$1:$C$9,2,FALSE) -> วินัย | K48: 0.041666667 | M48: =VLOOKUP(L48,Sheet2!$B$1:$C$9,2,FALSE) -> #N/A | P48: =VLOOKUP(O48,Sheet2!$B$1:$C$9,2,FALSE) -> #N/A | S48: =VLOOKUP(R48,Sheet2!$B$1:$C$9,2,FALSE) -> #N/A | U48: =$K48+$N48+$Q48+$T48 -> 0.041666667 | Y48: คุณยุทธนา | Z48: 46090 | AA48: 46092 | AB48: คุณยุทธนา | AC48: 46092 | AD48: =IF($AA48>$Z48,"เกินกำหนด","ทันกำหนด") -> เกินกำหนด | AH48: พาร์ทมาช้า(11/03)-เลื่อนดิว 13/03
A49: 46 | B49: 46057 | C49: JA-2710-001-13 | D49: LA3517-030101-00 | E49: 2 | F49: 2 | G49: =$E49-$F49 -> 0 | H49: =IF($G49=0,"ครบ","ไม่ครบ") -> ครบ | I49: CAM 2 | J49: =VLOOKUP(I49,Sheet2!$B$1:$C$9,2,FALSE) -> สุขสันต์ | K49: 0.017361111 | L49: CNC 4 | M49: ชนาธิศ | N49: 0.22916667 | P49: =VLOOKUP(O49,Sheet2!$B$1:$C$9,2,FALSE) -> #N/A | S49: =VLOOKUP(R49,Sheet2!$B$1:$C$9,2,FALSE) -> #N/A | U49: =$K49+$N49+$Q49+$T49 -> 0.24652778 | X49: ชุบซิงค์ดำ | Y49: คุณยุทธนา | Z49: 46090 | AA49: 46087 | AB49: คุณธนภูมิ | AC49: 46093 | AD49: =IF($AA49>$Z49,"เกินกำหนด","ทันกำหนด") -> ทันกำหนด
A50: 47 | B50: 46057 | C50: JA-2710-001-14 | D50: LA3517-030102-00 | E50: 4 | F50: 4 | G50: =$E50-$F50 -> 0 | H50: =IF($G50=0,"ครบ","ไม่ครบ") -> ครบ | I50: CAM 2 | J50: =VLOOKUP(I50,Sheet2!$B$1:$C$9,2,FALSE) -> สุขสันต์ | K50: 0.020833333 | L50: CNC 5 | M50: สุขสันต์ | N50: 0.52083333 | P50: =VLOOKUP(O50,Sheet2!$B$1:$C$9,2,FALSE) -> #N/A | S50: =VLOOKUP(R50,Sheet2!$B$1:$C$9,2,FALSE) -> #N/A | U50: =$K50+$N50+$Q50+$T50 -> 0.54166667 | X50: ชุบซิงค์ดำ | Y50: คุณยุทธนา | Z50: 46090 | AA50: 46087 | AB50: คุณธนภูมิ | AC50: 46093 | AD50: =IF($AA50>$Z50,"เกินกำหนด","ทันกำหนด") -> ทันกำหนด
A51: 48 | B51: 46057 | C51: JA-2710-001-15 | D51: LA3517-030201-00 | E51: 2 | F51: 2 | G51: =$E51-$F51 -> 0 | H51: =IF($G51=0,"ครบ","ไม่ครบ") -> ครบ | I51: CAM 2 | J51: =VLOOKUP(I51,Sheet2!$B$1:$C$9,2,FALSE) -> สุขสันต์ | K51: 0.017361111 | L51: CNC 5 | M51: สุขสันต์ | N51: 0.33333333 | P51: =VLOOKUP(O51,Sheet2!$B$1:$C$9,2,FALSE) -> #N/A | S51: =VLOOKUP(R51,Sheet2!$B$1:$C$9,2,FALSE) -> #N/A | U51: =$K51+$N51+$Q51+$T51 -> 0.35069444 | X51: ชุบซิงค์ดำ | Y51: คุณยุทธนา | Z51: 46090 | AA51: 46087 | AB51: คุณธนภูมิ | AC51: 46093 | AD51: =IF($AA51>$Z51,"เกินกำหนด","ทันกำหนด") -> ทันกำหนด
A52: 49 | B52: 46057 | C52: JA-2710-001-16 | D52: LA3517-070003-01 | E52: 4 | F52: 4 | G52: =$E52-$F52 -> 0 | H52: =IF($G52=0,"ครบ","ไม่ครบ") -> ครบ | I52: SPAR | J52: =VLOOKUP(I52,Sheet2!$B$1:$C$9,2,FALSE) -> ธนาพล | K52: 0.16666667 | M52: =VLOOKUP(L52,Sheet2!$B$1:$C$9,2,FALSE) -> #N/A | P52: =VLOOKUP(O52,Sheet2!$B$1:$C$9,2,FALSE) -> #N/A | S52: =VLOOKUP(R52,Sheet2!$B$1:$C$9,2,FALSE) -> #N/A | U52: =$K52+$N52+$Q52+$T52 -> 0.16666667 | Y52: คุณยุทธนา | Z52: 46078 | AA52: 46073 | AB52: คุณยุทธนา | AC52: 46079 | AD52: =IF($AA52>$Z52,"เกินกำหนด","ทันกำหนด") -> ทันกำหนด
A53: 50 | B53: 46057 | C53: JA-2710-001-17 | D53: LA3517-070008-01 | E53: 2 | F53: 2 | G53: =$E53-$F53 -> 0 | H53: =IF($G53=0,"ครบ","ไม่ครบ") -> ครบ | I53: SPAR | J53: =VLOOKUP(I53,Sheet2!$B$1:$C$9,2,FALSE) -> ธนาพล | K53: 0.0625 | M53: =VLOOKUP(L53,Sheet2!$B$1:$C$9,2,FALSE) -> #N/A | P53: =VLOOKUP(O53,Sheet2!$B$1:$C$9,2,FALSE) -> #N/A | S53: =VLOOKUP(R53,Sheet2!$B$1:$C$9,2,FALSE) -> #N/A | U53: =$K53+$N53+$Q53+$T53 -> 0.0625 | Y53: คุณยุทธนา | Z53: 46078 | AA53: 46073 | AB53: คุณยุทธนา | AC53: 46079 | AD53: =IF($AA53>$Z53,"เกินกำหนด","ทันกำหนด") -> ทันกำหนด
A54: 51 | B54: 46057 | C54: JA-2710-001-18 | D54: LA3517-080007-01 | E54: 4 | F54: 4 | G54: =$E54-$F54 -> 0 | H54: =IF($G54=0,"ครบ","ไม่ครบ") -> ครบ | I54: ML 2 | J54: =VLOOKUP(I54,Sheet2!$B$1:$C$9,2,FALSE) -> จักรกฤษณ์ | K54: 0.041666667 | M54: =VLOOKUP(L54,Sheet2!$B$1:$C$9,2,FALSE) -> #N/A | P54: =VLOOKUP(O54,Sheet2!$B$1:$C$9,2,FALSE) -> #N/A | S54: =VLOOKUP(R54,Sheet2!$B$1:$C$9,2,FALSE) -> #N/A | U54: =$K54+$N54+$Q54+$T54 -> 0.041666667 | Y54: คุณยุทธนา | Z54: 46090 | AA54: 46079 | AB54: คุณธนภูมิ | AC54: 46093 | AD54: =IF($AA54>$Z54,"เกินกำหนด","ทันกำหนด") -> ทันกำหนด
A55: 52 | B55: 46057 | C55: JA-2710-001-19 | D55: MK4290-A003-0015-00 | E55: 4 | F55: 4 | G55: =$E55-$F55 -> 0 | H55: =IF($G55=0,"ครบ","ไม่ครบ") -> ครบ | I55: LATHE 1 | J55: =VLOOKUP(I55,Sheet2!$B$1:$C$9,2,FALSE) -> ชาญชัย | K55: 0.041666667 | M55: =VLOOKUP(L55,Sheet2!$B$1:$C$9,2,FALSE) -> #N/A | P55: =VLOOKUP(O55,Sheet2!$B$1:$C$9,2,FALSE) -> #N/A | S55: =VLOOKUP(R55,Sheet2!$B$1:$C$9,2,FALSE) -> #N/A | U55: =$K55+$N55+$Q55+$T55 -> 0.041666667 | Y55: คุณยุทธนา | Z55: 46090 | AA55: 46063 | AB55: คุณธนภูมิ | AC55: 46087 | AD55: =IF($AA55>$Z55,"เกินกำหนด","ทันกำหนด") -> ทันกำหนด
A56: 53 | B56: 46057 | C56: JA-2710-001-20 | D56: mk5686-a002-0001-00 | E56: 4 | F56: 4 | G56: =$E56-$F56 -> 0 | H56: =IF($G56=0,"ครบ","ไม่ครบ") -> ครบ | I56: LATHE 1 | J56: =VLOOKUP(I56,Sheet2!$B$1:$C$9,2,FALSE) -> ชาญชัย | K56: 0.15625 | L56: CNC 1 | M56: เพลินชัย | N56: 0.020833333 | O56: CNC 1 | P56: ชาญชัย | Q56: 0.10416667 | R56: ML 2 | S56: =VLOOKUP(R56,Sheet2!$B$1:$C$9,2,FALSE) -> จักรกฤษณ์ | T56: 0.1875 | U56: =$K56+$N56+$Q56+$T56 -> 0.46875 | Y56: คุณยุทธนา | Z56: 46078 | AA56: 46070 | AB56: คุณยุทธนา | AC56: 46086 | AD56: =IF($AA56>$Z56,"เกินกำหนด","ทันกำหนด") -> ทันกำหนด
A57: 54 | B57: 46057 | C57: JA-2710-001-21 | D57: mk5686-a007-0005-00 | E57: 2 | F57: 2 | G57: =$E57-$F57 -> 0 | H57: =IF($G57=0,"ครบ","ไม่ครบ") -> ครบ | I57: SPAR | J57: =VLOOKUP(I57,Sheet2!$B$1:$C$9,2,FALSE) -> ธนาพล | K57: 0.083333333 | M57: =VLOOKUP(L57,Sheet2!$B$1:$C$9,2,FALSE) -> #N/A | P57: =VLOOKUP(O57,Sheet2!$B$1:$C$9,2,FALSE) -> #N/A | S57: =VLOOKUP(R57,Sheet2!$B$1:$C$9,2,FALSE) -> #N/A | U57: =$K57+$N57+$Q57+$T57 -> 0.083333333 | Y57: คุณยุทธนา | Z57: 46078 | AA57: 46076 | AB57: คุณยุทธนา | AC57: 46079 | AD57: =IF($AA57>$Z57,"เกินกำหนด","ทันกำหนด") -> ทันกำหนด
A58: 55 | B58: 46057 | C58: JA-2710-001-22 | D58: mk5686-a008-0008-00 | E58: 2 | F58: 2 | G58: =$E58-$F58 -> 0 | H58: =IF($G58=0,"ครบ","ไม่ครบ") -> ครบ | I58: SPAR | J58: =VLOOKUP(I58,Sheet2!$B$1:$C$9,2,FALSE) -> ธนาพล | K58: 0.069444444 | M58: =VLOOKUP(L58,Sheet2!$B$1:$C$9,2,FALSE) -> #N/A | P58: =VLOOKUP(O58,Sheet2!$B$1:$C$9,2,FALSE) -> #N/A | S58: =VLOOKUP(R58,Sheet2!$B$1:$C$9,2,FALSE) -> #N/A | U58: =$K58+$N58+$Q58+$T58 -> 0.069444444 | Y58: คุณยุทธนา | Z58: 46078 | AA58: 46073 | AB58: คุณยุทธนา | AC58: 46079 | AD58: =IF($AA58>$Z58,"เกินกำหนด","ทันกำหนด") -> ทันกำหนด
A59: 56 | B59: 46057 | C59: JA-2710-001-23 | D59: mk6033-a003-0017-00 | E59: 4 | F59: 4 | G59: =$E59-$F59 -> 0 | H59: =IF($G59=0,"ครบ","ไม่ครบ") -> ครบ | I59: LATHE 1 | J59: =VLOOKUP(I59,Sheet2!$B$1:$C$9,2,FALSE) -> ชาญชัย | K59: 0.076388889 | L59: CAM 2 | M59: =VLOOKUP(L59,Sheet2!$B$1:$C$9,2,FALSE) -> สุขสันต์ | N59: 0.0069444444 | O59: CNC 5 | P59: สุขสันต์ | Q59: 0.15972222 | S59: =VLOOKUP(R59,Sheet2!$B$1:$C$9,2,FALSE) -> #N/A | U59: =$K59+$N59+$Q59+$T59 -> 0.24305556 | Y59: คุณยุทธนา | Z59: 46090 | AA59: 46089 | AB59: คุณธนภูมิ | AC59: 46093 | AD59: =IF($AA59>$Z59,"เกินกำหนด","ทันกำหนด") -> ทันกำหนด
A60: 57 | B60: 46057 | C60: JA-2710-001-24 | D60: mk6752-a001-0019-00 | E60: 4 | F60: 4 | G60: =$E60-$F60 -> 0 | H60: =IF($G60=0,"ครบ","ไม่ครบ") -> ครบ | I60: ML 2 | J60: =VLOOKUP(I60,Sheet2!$B$1:$C$9,2,FALSE) -> จักรกฤษณ์ | K60: 0.013888889 | M60: =VLOOKUP(L60,Sheet2!$B$1:$C$9,2,FALSE) -> #N/A | P60: =VLOOKUP(O60,Sheet2!$B$1:$C$9,2,FALSE) -> #N/A | S60: =VLOOKUP(R60,Sheet2!$B$1:$C$9,2,FALSE) -> #N/A | U60: =$K60+$N60+$Q60+$T60 -> 0.013888889 | Y60: คุณยุทธนา | Z60: 46090 | AA60: 46077 | AB60: คุณธนภูมิ | AC60: 46093 | AD60: =IF($AA60>$Z60,"เกินกำหนด","ทันกำหนด") -> ทันกำหนด
A61: 58 | B61: 46057 | C61: JC-0147-001-05 | D61: XAAR Multi-Tester REV1.01 004 | E61: 8 | F61: 8 | G61: =$E61-$F61 -> 0 | H61: =IF($G61=0,"ครบ","ไม่ครบ") -> ครบ | I61: CAM 1 | J61: =VLOOKUP(I61,Sheet2!$B$1:$C$9,2,FALSE) -> เพลินชัย | K61: 0.034722222 | L61: CNC 1 | M61: ชาญชัย | N61: 0.27083333 | P61: =VLOOKUP(O61,Sheet2!$B$1:$C$9,2,FALSE) -> #N/A | S61: =VLOOKUP(R61,Sheet2!$B$1:$C$9,2,FALSE) -> #N/A | U61: =$K61+$N61+$Q61+$T61 -> 0.30555556 | Y61: คุณจักรกฤษณ์ | Z61: 46087 | AA61: 46072 | AB61: คุณจักรกฤษณ์ | AC61: 46087 | AD61: =IF($AA61>$Z61,"เกินกำหนด","ทันกำหนด") -> ทันกำหนด
A62: 59 | B62: 46057 | C62: JC-0147-001-06 | D62: XAAR Multi-Tester REV1.01 028 | E62: 8 | F62: 8 | G62: =$E62-$F62 -> 0 | H62: =IF($G62=0,"ครบ","ไม่ครบ") -> ครบ | I62: ML 2 | J62: =VLOOKUP(I62,Sheet2!$B$1:$C$9,2,FALSE) -> จักรกฤษณ์ | K62: 0.125 | L62: ML 1 | M62: =VLOOKUP(L62,Sheet2!$B$1:$C$9,2,FALSE) -> วินัย | N62: 0.19444444 | P62: =VLOOKUP(O62,Sheet2!$B$1:$C$9,2,FALSE) -> #N/A | S62: =VLOOKUP(R62,Sheet2!$B$1:$C$9,2,FALSE) -> #N/A | U62: =$K62+$N62+$Q62+$T62 -> 0.31944444 | Y62: คุณจักรกฤษณ์ | Z62: 46087 | AA62: 46076 | AB62: คุณจักรกฤษณ์ | AC62: 46087 | AD62: =IF($AA62>$Z62,"เกินกำหนด","ทันกำหนด") -> ทันกำหนด
A63: 60 | B63: 46057 | C63: JC-0147-001-07 | D63: XAAR Multi-Tester REV1.01 029 | E63: 16 | F63: 16 | G63: =$E63-$F63 -> 0 | H63: =IF($G63=0,"ครบ","ไม่ครบ") -> ครบ | I63: CAM 2 | J63: =VLOOKUP(I63,Sheet2!$B$1:$C$9,2,FALSE) -> สุขสันต์ | K63: 0.020833333 | L63: CNC 4 | M63: ชนาธิศ | N63: 1.0416667 | P63: =VLOOKUP(O63,Sheet2!$B$1:$C$9,2,FALSE) -> #N/A | S63: =VLOOKUP(R63,Sheet2!$B$1:$C$9,2,FALSE) -> #N/A | U63: =$K63+$N63+$Q63+$T63 -> 1.0625 | Y63: คุณจักรกฤษณ์ | Z63: 46087 | AA63: 46069 | AB63: คุณจักรกฤษณ์ | AC63: 46087 | AD63: =IF($AA63>$Z63,"เกินกำหนด","ทันกำหนด") -> ทันกำหนด | AF63: 1 | AG63: 25 | AH63: วางงานผิดด้าน / ชนาธิศ
A64: 61 | B64: 46057 | C64: JC-0147-001-08 | D64: XAAR Multi-Tester REV1.01 034 | E64: 1 | F64: 1 | G64: =$E64-$F64 -> 0 | H64: =IF($G64=0,"ครบ","ไม่ครบ") -> ครบ | I64: CAM 1 | J64: =VLOOKUP(I64,Sheet2!$B$1:$C$9,2,FALSE) -> เพลินชัย | K64: 0.055555556 | L64: CNC 2 | M64: รังสรรค์ | N64: 0.66666667 | P64: =VLOOKUP(O64,Sheet2!$B$1:$C$9,2,FALSE) -> #N/A | S64: =VLOOKUP(R64,Sheet2!$B$1:$C$9,2,FALSE) -> #N/A | U64: =$K64+$N64+$Q64+$T64 -> 0.72222222 | Y64: คุณจักรกฤษณ์ | Z64: 46087 | AA64: 46077 | AB64: คุณจักรกฤษณ์ | AC64: 46087 | AD64: =IF($AA64>$Z64,"เกินกำหนด","ทันกำหนด") -> ทันกำหนด
A65: 62 | B65: 46057 | C65: JC-0147-001-09 | D65: XAAR Multi-Tester REV1.01 035 | E65: 8 | F65: 8 | G65: =$E65-$F65 -> 0 | H65: =IF($G65=0,"ครบ","ไม่ครบ") -> ครบ | I65: CAM 1 | J65: =VLOOKUP(I65,Sheet2!$B$1:$C$9,2,FALSE) -> เพลินชัย | K65: 0.027777778 | L65: CNC 3 | M65: รังสรรค์ | N65: 0.20138889 | O65: ML 1 | P65: =VLOOKUP(O65,Sheet2!$B$1:$C$9,2,FALSE) -> วินัย | Q65: 0.041666667 | S65: =VLOOKUP(R65,Sheet2!$B$1:$C$9,2,FALSE) -> #N/A | U65: =$K65+$N65+$Q65+$T65 -> 0.27083333 | Y65: คุณจักรกฤษณ์ | Z65: 46087 | AA65: 46072 | AB65: คุณจักรกฤษณ์ | AC65: 46087 | AD65: =IF($AA65>$Z65,"เกินกำหนด","ทันกำหนด") -> ทันกำหนด
A66: 63 | B66: 46057 | C66: JC-0147-001-10 | D66: XAAR Multi-Tester REV1.01 036 | E66: 2 | F66: 2 | G66: =$E66-$F66 -> 0 | H66: =IF($G66=0,"ครบ","ไม่ครบ") -> ครบ | I66: CAM 1 | J66: =VLOOKUP(I66,Sheet2!$B$1:$C$9,2,FALSE) -> เพลินชัย | K66: 0.027777778 | L66: CNC 3 | M66: รังสรรค์ | N66: 0.083333333 | O66: CNC 3 | P66: เพลินชัย | Q66: 0.020833333 | R66: ML 1 | S66: =VLOOKUP(R66,Sheet2!$B$1:$C$9,2,FALSE) -> วินัย | T66: 0.097222222 | U66: =$K66+$N66+$Q66+$T66 -> 0.22916667 | Y66: คุณจักรกฤษณ์ | Z66: 46087 | AA66: 46078 | AB66: คุณจักรกฤษณ์ | AC66: 46087 | AD66: =IF($AA66>$Z66,"เกินกำหนด","ทันกำหนด") -> ทันกำหนด
A67: 64 | B67: 46057 | C67: JC-0147-001-11 | D67: XAAR Multi-Tester REV1.01 037 | E67: 1 | F67: 1 | G67: =$E67-$F67 -> 0 | H67: =IF($G67=0,"ครบ","ไม่ครบ") -> ครบ | I67: CAM 1 | J67: =VLOOKUP(I67,Sheet2!$B$1:$C$9,2,FALSE) -> เพลินชัย | K67: 0.041666667 | L67: CNC 2 | M67: รังสรรค์ | N67: 0.16666667 | P67: =VLOOKUP(O67,Sheet2!$B$1:$C$9,2,FALSE) -> #N/A | S67: =VLOOKUP(R67,Sheet2!$B$1:$C$9,2,FALSE) -> #N/A | U67: =$K67+$N67+$Q67+$T67 -> 0.20833333 | Y67: คุณจักรกฤษณ์ | Z67: 46087 | AA67: 46078 | AB67: คุณจักรกฤษณ์ | AC67: 46087 | AD67: =IF($AA67>$Z67,"เกินกำหนด","ทันกำหนด") -> ทันกำหนด
A68: 65 | B68: 46057 | C68: JC-0147-001-12 | D68: XAAR Multi-Tester REV1.01 134 | E68: 8 | F68: 8 | G68: =$E68-$F68 -> 0 | H68: =IF($G68=0,"ครบ","ไม่ครบ") -> ครบ | I68: CAM 1 | J68: =VLOOKUP(I68,Sheet2!$B$1:$C$9,2,FALSE) -> เพลินชัย | K68: 0.027777778 | L68: CNC 1 | M68: รังสรรค์ | N68: 0.125 | O68: CNC 1 | P68: ชาญชัย | Q68: 0.125 | R68: ML 1 | S68: =VLOOKUP(R68,Sheet2!$B$1:$C$9,2,FALSE) -> วินัย | T68: 0.065972222 | U68: =$K68+$N68+$Q68+$T68 -> 0.34375 | Y68: คุณจักรกฤษณ์ | Z68: 46087 | AA68: 46076 | AB68: คุณจักรกฤษณ์ | AC68: 46087 | AD68: =IF($AA68>$Z68,"เกินกำหนด","ทันกำหนด") -> ทันกำหนด
A69: 66 | B69: 46057 | C69: JC-0147-001-13 | D69: XAAR Multi-Tester REV1.01 135 | E69: 8 | F69: 8 | G69: =$E69-$F69 -> 0 | H69: =IF($G69=0,"ครบ","ไม่ครบ") -> ครบ | I69: CAM 1 | J69: =VLOOKUP(I69,Sheet2!$B$1:$C$9,2,FALSE) -> เพลินชัย | K69: 0.027777778 | L69: CNc 1 | M69: ชาญชัย | N69: 0.27777778 | P69: =VLOOKUP(O69,Sheet2!$B$1:$C$9,2,FALSE) -> #N/A | S69: =VLOOKUP(R69,Sheet2!$B$1:$C$9,2,FALSE) -> #N/A | U69: =$K69+$N69+$Q69+$T69 -> 0.30555556 | Y69: คุณจักรกฤษณ์ | Z69: 46087 | AA69: 46073 | AB69: คุณจักรกฤษณ์ | AC69: 46087 | AD69: =IF($AA69>$Z69,"เกินกำหนด","ทันกำหนด") -> ทันกำหนด
A70: 67 | B70: 46057 | C70: JB-0381-003-10 | D70: ME-B0381-01-000-0022 | E70: 1 | F70: 1 | G70: =$E70-$F70 -> 0 | H70: =IF($G70=0,"ครบ","ไม่ครบ") -> ครบ | I70: LATHE 2 | J70: =VLOOKUP(I70,Sheet2!$B$1:$C$9,2,FALSE) -> สรายุทธ | K70: 0.083333333 | M70: =VLOOKUP(L70,Sheet2!$B$1:$C$9,2,FALSE) -> #N/A | P70: =VLOOKUP(O70,Sheet2!$B$1:$C$9,2,FALSE) -> #N/A | S70: =VLOOKUP(R70,Sheet2!$B$1:$C$9,2,FALSE) -> #N/A | U70: =$K70+$N70+$Q70+$T70 -> 0.083333333 | X70: ชุบนิเกิล | Y70: คุณอนุวัฒิ | Z70: 46087 | AA70: 46080 | AB70: ส่ง BU 2 | AC70: 46087 | AD70: =IF($AA70>$Z70,"เกินกำหนด","ทันกำหนด") -> ทันกำหนด
A71: 68 | B71: 46057 | C71: JB-0381-003-11 | D71: ME-B0381-01-000-0023 | E71: 1 | F71: 1 | G71: =$E71-$F71 -> 0 | H71: =IF($G71=0,"ครบ","ไม่ครบ") -> ครบ | I71: LATHE 2 | J71: =VLOOKUP(I71,Sheet2!$B$1:$C$9,2,FALSE) -> สรายุทธ | K71: 0.041666667 | L71: ML 2 | M71: =VLOOKUP(L71,Sheet2!$B$1:$C$9,2,FALSE) -> จักรกฤษณ์ | N71: 0.041666667 | P71: =VLOOKUP(O71,Sheet2!$B$1:$C$9,2,FALSE) -> #N/A | S71: =VLOOKUP(R71,Sheet2!$B$1:$C$9,2,FALSE) -> #N/A | U71: =$K71+$N71+$Q71+$T71 -> 0.083333333 | X71: อโนไดซ์ขาว | Y71: คุณอนุวัฒิ | Z71: 46087 | AA71: 46086 | AB71: ส่ง BU 2 | AC71: 46087 | AD71: =IF($AA71>$Z71,"เกินกำหนด","ทันกำหนด") -> ทันกำหนด
A72: 69 | B72: 46057 | C72: JB-0381-003-12 | D72: ME-B0381-01-000-0028 | E72: 1 | F72: 1 | G72: =$E72-$F72 -> 0 | H72: =IF($G72=0,"ครบ","ไม่ครบ") -> ครบ | I72: LATHE 1 | J72: =VLOOKUP(I72,Sheet2!$B$1:$C$9,2,FALSE) -> ชาญชัย | K72: 0.034722222 | M72: =VLOOKUP(L72,Sheet2!$B$1:$C$9,2,FALSE) -> #N/A | P72: =VLOOKUP(O72,Sheet2!$B$1:$C$9,2,FALSE) -> #N/A | S72: =VLOOKUP(R72,Sheet2!$B$1:$C$9,2,FALSE) -> #N/A | U72: =$K72+$N72+$Q72+$T72 -> 0.034722222 | X72: ชุบนิเกิล | Y72: คุณอนุวัฒิ | Z72: 46087 | AA72: 46080 | AB72: ส่ง BU 2 | AC72: 46087 | AD72: =IF($AA72>$Z72,"เกินกำหนด","ทันกำหนด") -> ทันกำหนด
A73: 70 | B73: 46057 | C73: JB-0381-003-13 | D73: ME-B0381-01-000-0029 | E73: 1 | F73: 1 | G73: =$E73-$F73 -> 0 | H73: =IF($G73=0,"ครบ","ไม่ครบ") -> ครบ | I73: LATHE 2 | J73: =VLOOKUP(I73,Sheet2!$B$1:$C$9,2,FALSE) -> สรายุทธ | K73: 0.041666667 | L73: ML 2 | M73: =VLOOKUP(L73,Sheet2!$B$1:$C$9,2,FALSE) -> จักรกฤษณ์ | N73: 0.0625 | P73: =VLOOKUP(O73,Sheet2!$B$1:$C$9,2,FALSE) -> #N/A | S73: =VLOOKUP(R73,Sheet2!$B$1:$C$9,2,FALSE) -> #N/A | U73: =$K73+$N73+$Q73+$T73 -> 0.10416667 | Y73: คุณอนุวัฒิ | Z73: 46087 | AA73: 46076 | AB73: ส่ง BU 2 | AC73: 46087 | AD73: =IF($AA73>$Z73,"เกินกำหนด","ทันกำหนด") -> ทันกำหนด
A74: 71 | B74: 46057 | C74: JB-0381-003-14 | D74: ME-B0381-01-000-0031 | E74: 1 | F74: 1 | G74: =$E74-$F74 -> 0 | H74: =IF($G74=0,"ครบ","ไม่ครบ") -> ครบ | I74: LATHE 2 | J74: =VLOOKUP(I74,Sheet2!$B$1:$C$9,2,FALSE) -> สรายุทธ | K74: 0.010416667 | L74: ML 2 | M74: =VLOOKUP(L74,Sheet2!$B$1:$C$9,2,FALSE) -> จักรกฤษณ์ | N74: 0.013888889 | P74: =VLOOKUP(O74,Sheet2!$B$1:$C$9,2,FALSE) -> #N/A | S74: =VLOOKUP(R74,Sheet2!$B$1:$C$9,2,FALSE) -> #N/A | U74: =$K74+$N74+$Q74+$T74 -> 0.024305556 | X74: อโนไดซ์ขาว | Y74: คุณอนุวัฒิ | Z74: 46087 | AA74: 46080 | AB74: ส่ง BU 2 | AC74: 46087 | AD74: =IF($AA74>$Z74,"เกินกำหนด","ทันกำหนด") -> ทันกำหนด
A75: 72 | B75: 46057 | C75: JB-0381-003-15 | D75: ME-B0381-01-000-0036 | E75: 2 | F75: 2 | G75: =$E75-$F75 -> 0 | H75: =IF($G75=0,"ครบ","ไม่ครบ") -> ครบ | I75: LATHE 2 | J75: =VLOOKUP(I75,Sheet2!$B$1:$C$9,2,FALSE) -> สรายุทธ | K75: 0.083333333 | M75: =VLOOKUP(L75,Sheet2!$B$1:$C$9,2,FALSE) -> #N/A | P75: =VLOOKUP(O75,Sheet2!$B$1:$C$9,2,FALSE) -> #N/A | S75: =VLOOKUP(R75,Sheet2!$B$1:$C$9,2,FALSE) -> #N/A | U75: =$K75+$N75+$Q75+$T75 -> 0.083333333 | X75: ชุบซิงค์ขาว | Y75: คุณอนุวัฒิ | Z75: 46087 | AA75: 46079 | AB75: ส่ง BU 2 | AC75: 46080 | AD75: =IF($AA75>$Z75,"เกินกำหนด","ทันกำหนด") -> ทันกำหนด
A76: 73 | B76: 46057 | C76: JB-0381-003-16 | D76: ME-B0381-01-000-0043 | E76: 1 | F76: 1 | G76: =$E76-$F76 -> 0 | H76: =IF($G76=0,"ครบ","ไม่ครบ") -> ครบ | I76: CAM 2 | J76: =VLOOKUP(I76,Sheet2!$B$1:$C$9,2,FALSE) -> สุขสันต์ | K76: 0.020833333 | L76: CNC 5 | M76: สุขสันต์ | N76: 0.069444444 | P76: =VLOOKUP(O76,Sheet2!$B$1:$C$9,2,FALSE) -> #N/A | S76: =VLOOKUP(R76,Sheet2!$B$1:$C$9,2,FALSE) -> #N/A | U76: =$K76+$N76+$Q76+$T76 -> 0.090277778 | X76: ชุบนิเกิล | Y76: คุณอนุวัฒิ | Z76: 46087 | AA76: 46086 | AB76: ส่ง BU 2 | AC76: 46087 | AD76: =IF($AA76>$Z76,"เกินกำหนด","ทันกำหนด") -> ทันกำหนด
A77: 74 | B77: 46057 | C77: JB-0381-003-17 | D77: ME-B0381-01-000-0054 | E77: 1 | F77: 1 | G77: =$E77-$F77 -> 0 | H77: =IF($G77=0,"ครบ","ไม่ครบ") -> ครบ | I77: CAM 2 | J77: =VLOOKUP(I77,Sheet2!$B$1:$C$9,2,FALSE) -> สุขสันต์ | K77: 0.024305556 | L77: CNC 5 | M77: สุขสันต์ | N77: 0.069444444 | P77: =VLOOKUP(O77,Sheet2!$B$1:$C$9,2,FALSE) -> #N/A | S77: =VLOOKUP(R77,Sheet2!$B$1:$C$9,2,FALSE) -> #N/A | U77: =$K77+$N77+$Q77+$T77 -> 0.09375 | X77: ชุบนิเกิล | Y77: คุณอนุวัฒิ | Z77: 46087 | AA77: 46086 | AB77: ส่ง BU 2 | AC77: 46087 | AD77: =IF($AA77>$Z77,"เกินกำหนด","ทันกำหนด") -> ทันกำหนด
A78: 75 | B78: 46057 | C78: JB-0381-003-18 | D78: ME-B0381-01-000-0058 | E78: 8 | F78: 8 | G78: =$E78-$F78 -> 0 | H78: =IF($G78=0,"ครบ","ไม่ครบ") -> ครบ | I78: CAM 2 | J78: =VLOOKUP(I78,Sheet2!$B$1:$C$9,2,FALSE) -> สุขสันต์ | K78: 0.017361111 | L78: CNC 4 | M78: ชนาธิศ | N78: 0.27083333 | P78: =VLOOKUP(O78,Sheet2!$B$1:$C$9,2,FALSE) -> #N/A | S78: =VLOOKUP(R78,Sheet2!$B$1:$C$9,2,FALSE) -> #N/A | U78: =$K78+$N78+$Q78+$T78 -> 0.28819444 | Y78: คุณอนุวัฒิ | Z78: 46087 | AA78: 46070 | AB78: ส่ง BU 2 | AC78: 46087 | AD78: =IF($AA78>$Z78,"เกินกำหนด","ทันกำหนด") -> ทันกำหนด
A79: 76 | B79: 46057 | C79: JB-0381-003-19 | D79: ME-B0381-01-000-0060 | E79: 1 | F79: 1 | G79: =$E79-$F79 -> 0 | H79: =IF($G79=0,"ครบ","ไม่ครบ") -> ครบ | I79: LATHE 2 | J79: =VLOOKUP(I79,Sheet2!$B$1:$C$9,2,FALSE) -> สรายุทธ | K79: 0.125 | M79: =VLOOKUP(L79,Sheet2!$B$1:$C$9,2,FALSE) -> #N/A | P79: =VLOOKUP(O79,Sheet2!$B$1:$C$9,2,FALSE) -> #N/A | S79: =VLOOKUP(R79,Sheet2!$B$1:$C$9,2,FALSE) -> #N/A | U79: =$K79+$N79+$Q79+$T79 -> 0.125 | X79: ชุบซิงค์ขาว | Y79: คุณอนุวัฒิ | Z79: 46087 | AA79: 46079 | AB79: ส่ง BU 2 | AC79: 46080 | AD79: =IF($AA79>$Z79,"เกินกำหนด","ทันกำหนด") -> ทันกำหนด
A80: 77 | B80: 46057 | C80: JB-0381-003-20 | D80: ME-B0381-01-000-0061 | E80: 1 | F80: 1 | G80: =$E80-$F80 -> 0 | H80: =IF($G80=0,"ครบ","ไม่ครบ") -> ครบ | I80: CAM 1 | J80: =VLOOKUP(I80,Sheet2!$B$1:$C$9,2,FALSE) -> เพลินชัย | K80: 0.027777778 | L80: CNC 3 | M80: รังสรรค์ | N80: 0.083333333 | P80: =VLOOKUP(O80,Sheet2!$B$1:$C$9,2,FALSE) -> #N/A | S80: =VLOOKUP(R80,Sheet2!$B$1:$C$9,2,FALSE) -> #N/A | U80: =$K80+$N80+$Q80+$T80 -> 0.11111111 | X80: อโนไดซ์ขาว | Y80: คุณอนุวัฒิ | Z80: 46087 | AA80: 46080 | AB80: ส่ง BU 2 | AC80: 46087 | AD80: =IF($AA80>$Z80,"เกินกำหนด","ทันกำหนด") -> ทันกำหนด
A81: 78 | B81: 46057 | C81: JB-0381-003-21 | D81: ME-B0381-01-000-0063 | E81: 4 | F81: 4 | G81: =$E81-$F81 -> 0 | H81: =IF($G81=0,"ครบ","ไม่ครบ") -> ครบ | I81: LATHE 1 | J81: =VLOOKUP(I81,Sheet2!$B$1:$C$9,2,FALSE) -> ชาญชัย | K81: 0.11805556 | M81: =VLOOKUP(L81,Sheet2!$B$1:$C$9,2,FALSE) -> #N/A | P81: =VLOOKUP(O81,Sheet2!$B$1:$C$9,2,FALSE) -> #N/A | S81: =VLOOKUP(R81,Sheet2!$B$1:$C$9,2,FALSE) -> #N/A | U81: =$K81+$N81+$Q81+$T81 -> 0.11805556 | X81: ชุบซิงค์ขาว | Y81: คุณอนุวัฒิ | Z81: 46087 | AA81: 46079 | AB81: ส่ง BU 2 | AC81: 46080 | AD81: =IF($AA81>$Z81,"เกินกำหนด","ทันกำหนด") -> ทันกำหนด
A82: 79 | B82: 46057 | C82: JB-0381-003-22 | D82: ME-B0381-01-000-0066 | E82: 1 | F82: 1 | G82: =$E82-$F82 -> 0 | H82: =IF($G82=0,"ครบ","ไม่ครบ") -> ครบ | I82: CAM 2 | J82: =VLOOKUP(I82,Sheet2!$B$1:$C$9,2,FALSE) -> สุขสันต์ | K82: 0.027777778 | L82: CNC 5 | M82: สุขสันต์ | N82: 0.083333333 | P82: =VLOOKUP(O82,Sheet2!$B$1:$C$9,2,FALSE) -> #N/A | S82: =VLOOKUP(R82,Sheet2!$B$1:$C$9,2,FALSE) -> #N/A | U82: =$K82+$N82+$Q82+$T82 -> 0.11111111 | Y82: คุณอนุวัฒิ | Z82: 46087 | AA82: 46078 | AB82: ส่ง BU 2 | AC82: 46087 | AD82: =IF($AA82>$Z82,"เกินกำหนด","ทันกำหนด") -> ทันกำหนด
A83: 80 | B83: 46057 | C83: JB-0381-003-23 | D83: ME-B0381-01-000-0067 | E83: 1 | F83: 1 | G83: =$E83-$F83 -> 0 | H83: =IF($G83=0,"ครบ","ไม่ครบ") -> ครบ | I83: CAM 2 | J83: =VLOOKUP(I83,Sheet2!$B$1:$C$9,2,FALSE) -> สุขสันต์ | K83: 0.027777778 | L83: CNC 5 | M83: สุขสันต์ | N83: 0.083333333 | P83: =VLOOKUP(O83,Sheet2!$B$1:$C$9,2,FALSE) -> #N/A | S83: =VLOOKUP(R83,Sheet2!$B$1:$C$9,2,FALSE) -> #N/A | U83: =$K83+$N83+$Q83+$T83 -> 0.11111111 | Y83: คุณอนุวัฒิ | Z83: 46087 | AA83: 46078 | AB83: ส่ง BU 2 | AC83: 46087 | AD83: =IF($AA83>$Z83,"เกินกำหนด","ทันกำหนด") -> ทันกำหนด
A84: 81 | B84: 46057 | C84: JB-0381-003-24 | D84: ME-B0381-01-000-0088 | E84: 1 | F84: 1 | G84: =$E84-$F84 -> 0 | H84: =IF($G84=0,"ครบ","ไม่ครบ") -> ครบ | I84: CAM 2 | J84: =VLOOKUP(I84,Sheet2!$B$1:$C$9,2,FALSE) -> สุขสันต์ | K84: 0.041666667 | L84: CNC 5 | M84: สุขสันต์ | N84: 0.083333333 | P84: =VLOOKUP(O84,Sheet2!$B$1:$C$9,2,FALSE) -> #N/A | S84: =VLOOKUP(R84,Sheet2!$B$1:$C$9,2,FALSE) -> #N/A | U84: =$K84+$N84+$Q84+$T84 -> 0.125 | Y84: คุณอนุวัฒิ | Z84: 46087 | AA84: 46086 | AB84: ส่ง BU 2 | AC84: 46087 | AD84: =IF($AA84>$Z84,"เกินกำหนด","ทันกำหนด") -> ทันกำหนด
A85: 82 | B85: 46057 | C85: JB-0381-003-25 | D85: ME-B0381-01-000-0156 | E85: 3 | F85: 3 | G85: =$E85-$F85 -> 0 | H85: =IF($G85=0,"ครบ","ไม่ครบ") -> ครบ | I85: ML 2 | J85: =VLOOKUP(I85,Sheet2!$B$1:$C$9,2,FALSE) -> จักรกฤษณ์ | K85: 0.083333333 | M85: =VLOOKUP(L85,Sheet2!$B$1:$C$9,2,FALSE) -> #N/A | P85: =VLOOKUP(O85,Sheet2!$B$1:$C$9,2,FALSE) -> #N/A | S85: =VLOOKUP(R85,Sheet2!$B$1:$C$9,2,FALSE) -> #N/A | U85: =$K85+$N85+$Q85+$T85 -> 0.083333333 | Y85: คุณอนุวัฒิ | Z85: 46087 | AA85: 46070 | AB85: ส่ง BU 2 | AC85: 46087 | AD85: =IF($AA85>$Z85,"เกินกำหนด","ทันกำหนด") -> ทันกำหนด
A86: 83 | B86: 46057 | C86: JB-0381-003-26 | D86: ME-B0381-01-000-0157 | E86: 1 | F86: 1 | G86: =$E86-$F86 -> 0 | H86: =IF($G86=0,"ครบ","ไม่ครบ") -> ครบ | I86: ML 2 | J86: =VLOOKUP(I86,Sheet2!$B$1:$C$9,2,FALSE) -> จักรกฤษณ์ | K86: 0.020833333 | L86: ML 1 | M86: =VLOOKUP(L86,Sheet2!$B$1:$C$9,2,FALSE) -> วินัย | N86: 0.0069444444 | P86: =VLOOKUP(O86,Sheet2!$B$1:$C$9,2,FALSE) -> #N/A | S86: =VLOOKUP(R86,Sheet2!$B$1:$C$9,2,FALSE) -> #N/A | U86: =$K86+$N86+$Q86+$T86 -> 0.027777778 | Y86: คุณอนุวัฒิ | Z86: 46087 | AA86: 46063 | AB86: ส่ง BU 2 | AC86: 46076 | AD86: =IF($AA86>$Z86,"เกินกำหนด","ทันกำหนด") -> ทันกำหนด
A87: 84 | B87: 46057 | C87: JB-0381-003-27 | D87: ME-B0381-01-000-0158 | E87: 1 | F87: 1 | G87: =$E87-$F87 -> 0 | H87: =IF($G87=0,"ครบ","ไม่ครบ") -> ครบ | I87: CAM 2 | J87: =VLOOKUP(I87,Sheet2!$B$1:$C$9,2,FALSE) -> สุขสันต์ | K87: 0.034722222 | L87: CNC 4 | M87: สุขสันต์ | N87: 0.1875 | O87: CNC 4 | P87: ชนาธิศ | Q87: 0.041666667 | S87: =VLOOKUP(R87,Sheet2!$B$1:$C$9,2,FALSE) -> #N/A | U87: =$K87+$N87+$Q87+$T87 -> 0.26388889 | Y87: คุณอนุวัฒิ | Z87: 46087 | AA87: 46085 | AB87: ส่ง BU 2 | AC87: 46087 | AD87: =IF($AA87>$Z87,"เกินกำหนด","ทันกำหนด") -> ทันกำหนด
A88: 85 | B88: 46057 | C88: JB-0381-003-28 | D88: ME-B0381-01-000-0162 | E88: 1 | F88: 1 | G88: =$E88-$F88 -> 0 | H88: =IF($G88=0,"ครบ","ไม่ครบ") -> ครบ | I88: LATHE 2 | J88: =VLOOKUP(I88,Sheet2!$B$1:$C$9,2,FALSE) -> สรายุทธ | K88: 0.125 | L88: ML 1 | M88: =VLOOKUP(L88,Sheet2!$B$1:$C$9,2,FALSE) -> วินัย | N88: 0.041666667 | P88: =VLOOKUP(O88,Sheet2!$B$1:$C$9,2,FALSE) -> #N/A | S88: =VLOOKUP(R88,Sheet2!$B$1:$C$9,2,FALSE) -> #N/A | U88: =$K88+$N88+$Q88+$T88 -> 0.16666667 | X88: ชุบซิงค์ขาว | Y88: คุณอนุวัฒิ | Z88: 46087 | AA88: 46086 | AB88: ส่ง BU 2 | AC88: 46087 | AD88: =IF($AA88>$Z88,"เกินกำหนด","ทันกำหนด") -> ทันกำหนด
A89: 86 | B89: 46057 | C89: JB-0381-003-29 | D89: ME-B0381-01-000-0165 | E89: 1 | F89: 1 | G89: =$E89-$F89 -> 0 | H89: =IF($G89=0,"ครบ","ไม่ครบ") -> ครบ | I89: LATHE 1 | J89: =VLOOKUP(I89,Sheet2!$B$1:$C$9,2,FALSE) -> ชาญชัย | K89: 0.052083333 | M89: =VLOOKUP(L89,Sheet2!$B$1:$C$9,2,FALSE) -> #N/A | P89: =VLOOKUP(O89,Sheet2!$B$1:$C$9,2,FALSE) -> #N/A | S89: =VLOOKUP(R89,Sheet2!$B$1:$C$9,2,FALSE) -> #N/A | U89: =$K89+$N89+$Q89+$T89 -> 0.052083333 | Y89: คุณอนุวัฒิ | Z89: 46087 | AA89: 46073 | AB89: ส่ง BU 2 | AC89: 46087 | AD89: =IF($AA89>$Z89,"เกินกำหนด","ทันกำหนด") -> ทันกำหนด
A90: 87 | B90: 46057 | C90: JB-0381-003-30 | D90: ME-B0381-01-000-0166 | E90: 1 | F90: 1 | G90: =$E90-$F90 -> 0 | H90: =IF($G90=0,"ครบ","ไม่ครบ") -> ครบ | I90: LATHE 1 | J90: =VLOOKUP(I90,Sheet2!$B$1:$C$9,2,FALSE) -> ชาญชัย | K90: 0.027777778 | L90: ML 2 | M90: =VLOOKUP(L90,Sheet2!$B$1:$C$9,2,FALSE) -> จักรกฤษณ์ | N90: 0.041666667 | P90: =VLOOKUP(O90,Sheet2!$B$1:$C$9,2,FALSE) -> #N/A | S90: =VLOOKUP(R90,Sheet2!$B$1:$C$9,2,FALSE) -> #N/A | U90: =$K90+$N90+$Q90+$T90 -> 0.069444444 | X90: ชุบซิงค์ขาว | Y90: คุณอนุวัฒิ | Z90: 46087 | AA90: 46086 | AB90: ส่ง BU 2 | AC90: 46087 | AD90: =IF($AA90>$Z90,"เกินกำหนด","ทันกำหนด") -> ทันกำหนด
A91: 88 | B91: 46057 | C91: JB-0381-003-31 | D91: ME-B0381-01-000-0167 | E91: 2 | F91: 2 | G91: =$E91-$F91 -> 0 | H91: =IF($G91=0,"ครบ","ไม่ครบ") -> ครบ | I91: LATHE 1 | J91: =VLOOKUP(I91,Sheet2!$B$1:$C$9,2,FALSE) -> ชาญชัย | K91: 0.013888889 | M91: =VLOOKUP(L91,Sheet2!$B$1:$C$9,2,FALSE) -> #N/A | P91: =VLOOKUP(O91,Sheet2!$B$1:$C$9,2,FALSE) -> #N/A | S91: =VLOOKUP(R91,Sheet2!$B$1:$C$9,2,FALSE) -> #N/A | U91: =$K91+$N91+$Q91+$T91 -> 0.013888889 | Y91: คุณอนุวัฒิ | Z91: 46087 | AA91: 46063 | AB91: ส่ง BU 2 | AC91: 46076 | AD91: =IF($AA91>$Z91,"เกินกำหนด","ทันกำหนด") -> ทันกำหนด
A92: 89 | B92: 46057 | C92: JB-0381-003-32 | D92: ME-B0381-01-000-0169 | E92: 2 | F92: 2 | G92: =$E92-$F92 -> 0 | H92: =IF($G92=0,"ครบ","ไม่ครบ") -> ครบ | I92: LATHE 1 | J92: =VLOOKUP(I92,Sheet2!$B$1:$C$9,2,FALSE) -> ชาญชัย | K92: 0.013888889 | M92: =VLOOKUP(L92,Sheet2!$B$1:$C$9,2,FALSE) -> #N/A | P92: =VLOOKUP(O92,Sheet2!$B$1:$C$9,2,FALSE) -> #N/A | S92: =VLOOKUP(R92,Sheet2!$B$1:$C$9,2,FALSE) -> #N/A | U92: =$K92+$N92+$Q92+$T92 -> 0.013888889 | Y92: คุณอนุวัฒิ | Z92: 46087 | AA92: 46063 | AB92: ส่ง BU 2 | AC92: 46076 | AD92: =IF($AA92>$Z92,"เกินกำหนด","ทันกำหนด") -> ทันกำหนด
A93: 90 | B93: 46057 | C93: JB-0381-003-33 | D93: ME-B0381-01-000-0198 | E93: 1 | F93: 1 | G93: =$E93-$F93 -> 0 | H93: =IF($G93=0,"ครบ","ไม่ครบ") -> ครบ | I93: CAM 2 | J93: =VLOOKUP(I93,Sheet2!$B$1:$C$9,2,FALSE) -> สุขสันต์ | K93: 0.020833333 | L93: CNC 4 | M93: สุขสันต์ | N93: 0.038194444 | P93: =VLOOKUP(O93,Sheet2!$B$1:$C$9,2,FALSE) -> #N/A | S93: =VLOOKUP(R93,Sheet2!$B$1:$C$9,2,FALSE) -> #N/A | U93: =$K93+$N93+$Q93+$T93 -> 0.059027778 | Y93: คุณอนุวัฒิ | Z93: 46087 | AA93: 46063 | AB93: ส่ง BU 2 | AC93: 46087 | AD93: =IF($AA93>$Z93,"เกินกำหนด","ทันกำหนด") -> ทันกำหนด
A94: 91 | B94: 46057 | C94: JB-0381-003-34 | D94: ME-B0381-01-000-0199 | E94: 1 | F94: 1 | G94: =$E94-$F94 -> 0 | H94: =IF($G94=0,"ครบ","ไม่ครบ") -> ครบ | I94: CAM 2 | J94: =VLOOKUP(I94,Sheet2!$B$1:$C$9,2,FALSE) -> สุขสันต์ | K94: 0.027777778 | L94: CNC 5 | M94: สุขสันต์ | N94: 0.0625 | P94: =VLOOKUP(O94,Sheet2!$B$1:$C$9,2,FALSE) -> #N/A | S94: =VLOOKUP(R94,Sheet2!$B$1:$C$9,2,FALSE) -> #N/A | U94: =$K94+$N94+$Q94+$T94 -> 0.090277778 | Y94: คุณอนุวัฒิ | Z94: 46087 | AA94: 46063 | AB94: ส่ง BU 2 | AC94: 46087 | AD94: =IF($AA94>$Z94,"เกินกำหนด","ทันกำหนด") -> ทันกำหนด
A95: 92 | B95: 46057 | C95: JB-0381-003-35 | D95: ME-B0381-01-000-0214 | E95: 1 | F95: 1 | G95: =$E95-$F95 -> 0 | H95: =IF($G95=0,"ครบ","ไม่ครบ") -> ครบ | I95: CAM 2 | J95: =VLOOKUP(I95,Sheet2!$B$1:$C$9,2,FALSE) -> สุขสันต์ | K95: 0.017361111 | L95: CNC 4 | M95: ชนาธิศ | N95: 0.0625 | P95: =VLOOKUP(O95,Sheet2!$B$1:$C$9,2,FALSE) -> #N/A | S95: =VLOOKUP(R95,Sheet2!$B$1:$C$9,2,FALSE) -> #N/A | U95: =$K95+$N95+$Q95+$T95 -> 0.079861111 | X95: อโนไดซ์ขาว | Y95: คุณอนุวัฒิ | Z95: 46087 | AA95: 46080 | AB95: ส่ง BU 2 | AC95: 46087 | AD95: =IF($AA95>$Z95,"เกินกำหนด","ทันกำหนด") -> ทันกำหนด
A96: 93 | B96: 46058 | C96: JB-0319-010-01 | D96: ME-B0319-01-003-0027 | E96: 1 | F96: 1 | G96: =$E96-$F96 -> 0 | H96: =IF($G96=0,"ครบ","ไม่ครบ") -> ครบ | I96: CAM 1 | J96: =VLOOKUP(I96,Sheet2!$B$1:$C$9,2,FALSE) -> เพลินชัย | K96: 0.034722222 | L96: CNC 1 | M96: รังสรรค์ | N96: 0.097222222 | O96: ML 1 | P96: ชาญชัย | Q96: 0.027777778 | S96: =VLOOKUP(R96,Sheet2!$B$1:$C$9,2,FALSE) -> #N/A | U96: =$K96+$N96+$Q96+$T96 -> 0.15972222 | Y96: คุณณัฐนนท์ | Z96: 46072 | AA96: 46071 | AB96: คุณณัฐนนท์ | AC96: 46072 | AD96: =IF($AA96>$Z96,"เกินกำหนด","ทันกำหนด") -> ทันกำหนด
A97: 94 | B97: 46058 | C97: JB-0319-010-02 | D97: ME-B0319-01-003-0029 | E97: 1 | F97: 1 | G97: =$E97-$F97 -> 0 | H97: =IF($G97=0,"ครบ","ไม่ครบ") -> ครบ | I97: CAM 2 | J97: =VLOOKUP(I97,Sheet2!$B$1:$C$9,2,FALSE) -> สุขสันต์ | K97: 0.027777778 | L97: CNC 5 | M97: สุขสันต์ | N97: 0.059027778 | P97: =VLOOKUP(O97,Sheet2!$B$1:$C$9,2,FALSE) -> #N/A | S97: =VLOOKUP(R97,Sheet2!$B$1:$C$9,2,FALSE) -> #N/A | U97: =$K97+$N97+$Q97+$T97 -> 0.086805556 | Y97: คุณณัฐนนท์ | Z97: 46072 | AA97: 46070 | AB97: คุณณัฐนนท์ | AC97: 46072 | AD97: =IF($AA97>$Z97,"เกินกำหนด","ทันกำหนด") -> ทันกำหนด
A98: 95 | B98: 46058 | C98: JA-2683-002-02 | D98: Lock PCB | E98: 1 | F98: 1 | G98: =$E98-$F98 -> 0 | H98: =IF($G98=0,"ครบ","ไม่ครบ") -> ครบ | I98: SPAR | J98: =VLOOKUP(I98,Sheet2!$B$1:$C$9,2,FALSE) -> ธนาพล | K98: 0.013888889 | L98: ML 2 | M98: =VLOOKUP(L98,Sheet2!$B$1:$C$9,2,FALSE) -> จักรกฤษณ์ | N98: 0.041666667 | P98: =VLOOKUP(O98,Sheet2!$B$1:$C$9,2,FALSE) -> #N/A | S98: =VLOOKUP(R98,Sheet2!$B$1:$C$9,2,FALSE) -> #N/A | U98: =$K98+$N98+$Q98+$T98 -> 0.055555556 | Y98: คุณปฐมพงษ์ | Z98: 46062 | AA98: 46058 | AB98: คุณปฐมพงษ์ | AC98: 46062 | AD98: =IF($AA98>$Z98,"เกินกำหนด","ทันกำหนด") -> ทันกำหนด
A99: 96 | B99: 46058 | C99: JA-2714-001-01 | D99: MTE-25-04-5508-MEDWG-101 | E99: 1 | F99: 1 | G99: =$E99-$F99 -> 0 | H99: =IF($G99=0,"ครบ","ไม่ครบ") -> ครบ | I99: CAM 1 | J99: =VLOOKUP(I99,Sheet2!$B$1:$C$9,2,FALSE) -> เพลินชัย | K99: 0.027777778 | L99: CNC 3 | M99: รังสรรค์ | N99: 0.0625 | P99: =VLOOKUP(O99,Sheet2!$B$1:$C$9,2,FALSE) -> #N/A | S99: =VLOOKUP(R99,Sheet2!$B$1:$C$9,2,FALSE) -> #N/A | U99: =$K99+$N99+$Q99+$T99 -> 0.090277778 | X99: อโนไดซ์ดำ | Y99: คุณปฐมพงษ์ | Z99: 46085 | AA99: 46080 | AB99: คุณเหมวัต | AC99: 46085 | AD99: =IF($AA99>$Z99,"เกินกำหนด","ทันกำหนด") -> ทันกำหนด
A100: 97 | B100: 46058 | C100: JA-2714-001-02 | D100: MTE-25-04-5508-MEDWG-103 | E100: 1 | F100: 1 | G100: =$E100-$F100 -> 0 | H100: =IF($G100=0,"ครบ","ไม่ครบ") -> ครบ | I100: CAM 2 | J100: =VLOOKUP(I100,Sheet2!$B$1:$C$9,2,FALSE) -> สุขสันต์ | K100: 0.020833333 | L100: CNC 4 | M100: ชนาธิศ | N100: 0.041666667 | P100: =VLOOKUP(O100,Sheet2!$B$1:$C$9,2,FALSE) -> #N/A | S100: =VLOOKUP(R100,Sheet2!$B$1:$C$9,2,FALSE) -> #N/A | U100: =$K100+$N100+$Q100+$T100 -> 0.0625 | Y100: คุณปฐมพงษ์ | Z100: 46085 | AA100: 46071 | AB100: คุณเหมวัต | AC100: 46085 | AD100: =IF($AA100>$Z100,"เกินกำหนด","ทันกำหนด") -> ทันกำหนด
...

Sheet Sheet2
B1: CAM 1 | C1: เพลินชัย | D1: Grinding | E1: อโนไดซ์
B2: CAM 2 | C2: สุขสันต์ | D2: Wire cut | E2: อโนไดซ์ดำ
B3: CAM 3 | C3: รังสรรค์ | D3: Waterjet | E3: อโนไดซ์ขาว
B4: ML 1 | C4: วินัย | D4: EDM | E4: ฮาร์ดอโนไดซ์
B5: ML 2 | C5: จักรกฤษณ์ | D5: CNC-Late | E5: ชุบแข็ง
B6: ML 3 | C6: สรายุทธ | D6: Weldding | E6: ชุบซิงค์ขาว
B7: LATHE 1 | C7: ชาญชัย | E7: ชุบซิงค์ดำ
B8: LATHE 2 | C8: สรายุทธ | E8: ชุบฮาร์ดโครม
B9: SPAR | C9: ธนาพล | E9: ชุบนิเกิล
E10: รมดำ
B11: CAM 1 | C11: เพลินชัย | E11: แฟลชโครม
B12: CAM 2 | C12: สุขสันต์ | E12: โครเมี่ยม
B13: CAM 3 | C13: รังสรรค์
B14: ML 1 | C14: จักรกฤษณ์
B15: ML 2 | C15: ชาญชัย
B16: ML 3 | C16: สรายุทธ
B17: LATHE 1 | C17: ชาญชัย
B18: LATHE 2 | C18: สรายุทธ
B19: SPAR | C19: ธีรณัฐ
B21: CAM 1 | C21: เพลินชัย
B22: CAM 2 | C22: สุขสันต์
B23: CAM 3 | C23: รังสรรค์
B24: ML 1 | C24: วินัย
B25: ML 2 | C25: จักรกฤษณ์
... B29: SPAR | C29: ธีรณัฐ
