Workbook

Sheet Template
A1: Status On Plan Work Shop
A2: ลำดับ | B2: วันที่ | C2: JOB | D2: DWG.Name | E2: จำนวนชิ้น | F2: เสร็จแล้ว | G2: ยังไม่เสร็จ | H2: สถานะ | I2: PROCESS | J2: ผู้รับผิดชอบ | K2: เวลา/ช.ม/นาที | L2: PROCESS | M2: ผู้รับผิดชอบ | N2: เวลา/ช.ม/นาที | O2: PROCESS | P2: ผู้รับผิดชอบ | Q2: เวลา/ช.ม/นาที | R2: PROCESS | S2: ผู้รับผิดชอบ | T2: เวลา/ช.ม/นาที | U2: เวลารวม | V2: OUTSOURCE | Y2: ผู้ส่งแบบ | Z2: กำหนดส่ง | AA2: วันเสร็จจริง | AB2: ผู้รับ | AC2: วันที่รับ | AD2: KPI ส่งมอบ | AE2: แก้ไข(ชิ้น) | AG2: ราคาแมท ขึ้นใหม่ | AH2: Remark
A3: ลำดับ | B3: วันที่ | C3: JOB | D3: DWG.Name | E3: จำนวนชิ้น | F3: เสร็จแล้ว | G3: ยังไม่เสร็จ | H3: สถานะ | I3: PROCESS | J3: ผู้รับผิดชอบ | K3: เวลา/ช.ม/นาที | L3: PROCESS | M3: ผู้รับผิดชอบ | N3: เวลา/ช.ม/นาที | O3: PROCESS | P3: ผู้รับผิดชอบ | Q3: เวลา/ช.ม/นาที | R3: PROCESS | S3: ผู้รับผิดชอบ | T3: เวลา/ช.ม/นาที | U3: เวลารวม | V3: Process | W3: Process | X3: Coating /Heat Treatment | Y3: ผู้ส่งแบบ | Z3: กำหนดส่ง | AA3: วันเสร็จจริง | AB3: ผู้รับ | AC3: วันที่รับ | AE3: แก้ไขได้ | AF3: ขึ้นใหม่
A4: 1 | G4: =$E4-$F4 -> 0 | H4: =IF($G4=0,"ครบ","ไม่ครบ") -> ครบ | J4: =VLOOKUP(I4,Sheet2!$B$10:$C$18,2,FALSE) -> #N/A | M4: =VLOOKUP(L4,Sheet2!$B$10:$C$18,2,FALSE) -> #N/A | P4: =VLOOKUP(O4,Sheet2!$B$10:$C$18,2,FALSE) -> #N/A | S4: =VLOOKUP(R4,Sheet2!$B$10:$C$18,2,FALSE) -> #N/A | U4: =$K4+$N4+$Q4+$T4 -> 0 | AD4: =IF($AA4>$Z4,"เกินกำหนด","ทันกำหนด") -> ทันกำหนด
A5: 2 | G5: =$E5-$F5 -> 0 | H5: =IF($G5=0,"ครบ","ไม่ครบ") -> ครบ | J5: =VLOOKUP(I5,Sheet2!$B$10:$C$18,2,FALSE) -> #N/A | M5: =VLOOKUP(L5,Sheet2!$B$10:$C$18,2,FALSE) -> #N/A | P5: =VLOOKUP(O5,Sheet2!$B$10:$C$18,2,FALSE) -> #N/A | S5: =VLOOKUP(R5,Sheet2!$B$10:$C$18,2,FALSE) -> #N/A | U5: =$K5+$N5+$Q5+$T5 -> 0 | AD5: =IF($AA5>$Z5,"เกินกำหนด","ทันกำหนด") -> ทันกำหนด
A6: 3 | G6: =$E6-$F6 -> 0 | H6: =IF($G6=0,"ครบ","ไม่ครบ") -> ครบ | J6: =VLOOKUP(I6,Sheet2!$B$10:$C$18,2,FALSE) -> #N/A | M6: =VLOOKUP(L6,Sheet2!$B$10:$C$18,2,FALSE) -> #N/A | P6: =VLOOKUP(O6,Sheet2!$B$10:$C$18,2,FALSE) -> #N/A | S6: =VLOOKUP(R6,Sheet2!$B$10:$C$18,2,FALSE) -> #N/A | U6: =$K6+$N6+$Q6+$T6 -> 0 | AD6: =IF($AA6>$Z6,"เกินกำหนด","ทันกำหนด") -> ทันกำหนด
A7: 4 | G7: =$E7-$F7 -> 0 | H7: =IF($G7=0,"ครบ","ไม่ครบ") -> ครบ | J7: =VLOOKUP(I7,Sheet2!$B$10:$C$18,2,FALSE) -> #N/A | M7: =VLOOKUP(L7,Sheet2!$B$10:$C$18,2,FALSE) -> #N/A | P7: =VLOOKUP(O7,Sheet2!$B$10:$C$18,2,FALSE) -> #N/A | S7: =VLOOKUP(R7,Sheet2!$B$10:$C$18,2,FALSE) -> #N/A | U7: =$K7+$N7+$Q7+$T7 -> 0 | AD7: =IF($AA7>$Z7,"เกินกำหนด","ทันกำหนด") -> ทันกำหนด
A8: 5 | G8: =$E8-$F8 -> 0 | H8: =IF($G8=0,"ครบ","ไม่ครบ") -> ครบ | J8: =VLOOKUP(I8,Sheet2!$B$10:$C$18,2,FALSE) -> #N/A | M8: =VLOOKUP(L8,Sheet2!$B$10:$C$18,2,FALSE) -> #N/A | P8: =VLOOKUP(O8,Sheet2!$B$10:$C$18,2,FALSE) -> #N/A | S8: =VLOOKUP(R8,Sheet2!$B$10:$C$18,2,FALSE) -> #N/A | U8: =$K8+$N8+$Q8+$T8 -> 0 | AD8: =IF($AA8>$Z8,"เกินกำหนด","ทันกำหนด") -> ทันกำหนด
A9: 6 | G9: =$E9-$F9 -> 0 | H9: =IF($G9=0,"ครบ","ไม่ครบ") -> ครบ | J9: =VLOOKUP(I9,Sheet2!$B$10:$C$18,2,FALSE) -> #N/A | M9: =VLOOKUP(L9,Sheet2!$B$10:$C$18,2,FALSE) -> #N/A | P9: =VLOOKUP(O9,Sheet2!$B$10:$C$18,2,FALSE) -> #N/A | S9: =VLOOKUP(R9,Sheet2!$B$10:$C$18,2,FALSE) -> #N/A | U9: =$K9+$N9+$Q9+$T9 -> 0 | AD9: =IF($AA9>$Z9,"เกินกำหนด","ทันกำหนด") -> ทันกำหนด
A10: 7 | G10: =$E10-$F10 -> 0 | H10: =IF($G10=0,"ครบ","ไม่ครบ") -> ครบ | J10: =VLOOKUP(I10,Sheet2!$B$10:$C$18,2,FALSE) -> #N/A | M10: =VLOOKUP(L10,Sheet2!$B$10:$C$18,2,FALSE) -> #N/A | P10: =VLOOKUP(O10,Sheet2!$B$10:$C$18,2,FALSE) -> #N/A | S10: =VLOOKUP(R10,Sheet2!$B$10:$C$18,2,FALSE) -> #N/A | U10: =$K10+$N10+$Q10+$T10 -> 0 | AD10: =IF($AA10>$Z10,"เกินกำหนด","ทันกำหนด") -> ทันกำหนด
A11: 8 | G11: =$E11-$F11 -> 0 | H11: =IF($G11=0,"ครบ","ไม่ครบ") -> ครบ | J11: =VLOOKUP(I11,Sheet2!$B$10:$C$18,2,FALSE) -> #N/A | M11: =VLOOKUP(L11,Sheet2!$B$10:$C$18,2,FALSE) -> #N/A | P11: =VLOOKUP(O11,Sheet2!$B$10:$C$18,2,FALSE) -> #N/A | S11: =VLOOKUP(R11,Sheet2!$B$10:$C$18,2,FALSE) -> #N/A | U11: =$K11+$N11+$Q11+$T11 -> 0 | AD11: =IF($AA11>$Z11,"เกินกำหนด","ทันกำหนด") -> ทันกำหนด
A12: 9 | G12: =$E12-$F12 -> 0 | H12: =IF($G12=0,"ครบ","ไม่ครบ") -> ครบ | J12: =VLOOKUP(I12,Sheet2!$B$10:$C$18,2,FALSE) -> #N/A | M12: =VLOOKUP(L12,Sheet2!$B$10:$C$18,2,FALSE) -> #N/A | P12: =VLOOKUP(O12,Sheet2!$B$10:$C$18,2,FALSE) -> #N/A | S12: =VLOOKUP(R12,Sheet2!$B$10:$C$18,2,FALSE) -> #N/A | U12: =$K12+$N12+$Q12+$T12 -> 0 | AD12: =IF($AA12>$Z12,"เกินกำหนด","ทันกำหนด") -> ทันกำหนด
A13: 10 | G13: =$E13-$F13 -> 0 | H13: =IF($G13=0,"ครบ","ไม่ครบ") -> ครบ | J13: =VLOOKUP(I13,Sheet2!$B$10:$C$18,2,FALSE) -> #N/A | M13: =VLOOKUP(L13,Sheet2!$B$10:$C$18,2,FALSE) -> #N/A | P13: =VLOOKUP(O13,Sheet2!$B$10:$C$18,2,FALSE) -> #N/A | S13: =VLOOKUP(R13,Sheet2!$B$10:$C$18,2,FALSE) -> #N/A | U13: =$K13+$N13+$Q13+$T13 -> 0 | AD13: =IF($AA13>$Z13,"เกินกำหนด","ทันกำหนด") -> ทันกำหนด
A14: 11 | G14: =$E14-$F14 -> 0 | H14: =IF($G14=0,"ครบ","ไม่ครบ") -> ครบ | J14: =VLOOKUP(I14,Sheet2!$B$10:$C$18,2,FALSE) -> #N/A | M14: =VLOOKUP(L14,Sheet2!$B$10:$C$18,2,FALSE) -> #N/A | P14: =VLOOKUP(O14,Sheet2!$B$10:$C$18,2,FALSE) -> #N/A | S14: =VLOOKUP(R14,Sheet2!$B$10:$C$18,2,FALSE) -> #N/A | U14: =$K14+$N14+$Q14+$T14 -> 0 | AD14: =IF($AA14>$Z14,"เกินกำหนด","ทันกำหนด") -> ทันกำหนด
A15: 12 | G15: =$E15-$F15 -> 0 | H15: =IF($G15=0,"ครบ","ไม่ครบ") -> ครบ | J15: =VLOOKUP(I15,Sheet2!$B$10:$C$18,2,FALSE) -> #N/A | M15: =VLOOKUP(L15,Sheet2!$B$10:$C$18,2,FALSE) -> #N/A | P15: =VLOOKUP(O15,Sheet2!$B$10:$C$18,2,FALSE) -> #N/A | S15: =VLOOKUP(R15,Sheet2!$B$10:$C$18,2,FALSE) -> #N/A | U15: =$K15+$N15+$Q15+$T15 -> 0 | AD15: =IF($AA15>$Z15,"เกินกำหนด","ทันกำหนด") -> ทันกำหนด
... A603: 600 | G603: =$E603-$F603 -> 0 | H603: =IF($G603=0,"ครบ","ไม่ครบ") -> ครบ | J603: =VLOOKUP(I603,Sheet2!$B$10:$C$18,2,FALSE) -> #N/A | M603: =VLOOKUP(L603,Sheet2!$B$10:$C$18,2,FALSE) -> #N/A | P603: =VLOOKUP(O603,Sheet2!$B$10:$C$18,2,FALSE) -> #N/A | S603: =VLOOKUP(R603,Sheet2!$B$10:$C$18,2,FALSE) -> #N/A | U603: =$K603+$N603+$Q603+$T603 -> 0 | AD603: =IF($AA603>$Z603,"เกินกำหนด","ทันกำหนด") -> ทันกำหนด
C604: =SUBTOTAL(103,C4:C603) -> 0 | E604: =SUBTOTAL(9,E4:E603) -> 0 | AD604: =COUNTIF($AD$4:$AD603,"เกินกำหนด") -> 0 | AE604: =SUM(AE4:AE603) -> 0 | AF604: =SUM(AF4:AF603) -> 0 | AG604: =SUM(AG4:AG603) -> 0
C606: จำนวนแบบทั้งหมด (DWG) | D606: =C604 -> 0
C607: จำนวนชิ้นงานทั้งหมด (ชิ้น) | D607: =E604 -> 0
C608: จำนวนงานที่ส่งเกินกำหนด (DWG) | D608: =AD604 -> 0
C609: จำนวนงานที่ส่งตามกำหนด (DWG) | D609: =$D606-$D608 -> 0
C610: จำนวนงานที่ผิดพลาด (DWG) | D610: =AE604 -> 0
C611: KPI ส่งมอบ มากกว่า 90 % | D611: =($D609/$D606)*100 -> #DIV/0! | E611: =IF(D611>=90,"ผ่าน","ไม่ผ่าน") -> #DIV/0!
C612: KPI งานผิดพลาด น้อยกว่า 5 % | D612: =($D610/$D607)*100 -> #DIV/0! | E612: =IF(D612<=5,"ผ่าน","ไม่ผ่าน") -> #DIV/0!
C616: =SUBTOTAL(103,C4:C603) -> 0 | E616: =SUBTOTAL(9,E4:E603) -> 0
D618: \

Sheet ต.ค.69
A1: Status On Plan Work Shop
A2: ลำดับ | B2: วันที่ | C2: กำหนดส่ง | D2: JOB | E2: DWG.Name | F2: จำนวนชิ้น | G2: ผู้ส่งแบบ | H2: OUTSOURCE | K2: Remark
A3: ลำดับ | B3: วันที่ | C3: กำหนดส่ง | D3: JOB | E3: DWG.Name | F3: จำนวนชิ้น | G3: ผู้ส่งแบบ | H3: Process | I3: Process | J3: Coating /Heat Treatment
A4: 1 | B4: 46296 | C4: 46301 | D4: JA-2774-005-01-Modify | E4: Top 010 | F4: 4 | G4: คุณปณิธาน
A5: 2 | B5: 46296 | C5: 244631 | D5: JA-2919-003-01 | E5: MXS8-30ASBT-M9NLB_1 | F5: 4 | G5: คุณปฐมพงษ์ | J5: C/A
A6: 3 | B6: 46296 | C6: 244631 | D6: JA-2919-003-02 | E6: MXS-BT16-50_AOP-BM_0__1 | F6: 2 | G6: คุณปฐมพงษ์ | J6: C/A
A7: 4 | B7: 01/10/2569 | C7: 02/10/2569 | D7: JA-2926-002-01-Modify | E7: FCT FIXTURE MODEL M5843-13 | F7: 4 | G7: คุณปฐมพงษ์
A8: 5 | B8: 01/10/2569 | C8: 02/10/2569 | D8: JA-2926-002-02-Modify | E8: FCT FIXTURE MODEL M5843-19 | F8: 4 | G8: คุณปฐมพงษ์
A9: 6 | B9: 01/10/2569 | C9: 08/10/2569 | D9: JA-2940-001-01 | E9: FCT FIXTURE MODEL M5843-19 | F9: 32 | G9: คุณปฐมพงษ์
A10: 7 | B10: 01/10/2569 | C10: 01/10/2569 | D10: JA-2943-001-01-Modify | E10: Top 010 | F10: 12 | G10: คุณปณิธาน
A11: 8 | B11: 01/10/2569 | C11: 15/10/2569 | D11: JD-0885-001-01 | E11: MATTEL-ALB-0C-17 - DRAWING | F11: 2 | G11: คุณฑาริกา
A12: 9 | B12: 01/10/2569 | C12: 09/10/2569 | D12: JD-0886-001-01 | E12: b-gn0184-a01002-00 | F12: 1 | G12: คุณฑาริกา | J12: C/A
A13: 10 | B13: 01/10/2569 | C13: 09/10/2569 | D13: JD-0886-001-02 | E13: b-gn0184-a01003-00 | F13: 1 | G13: คุณฑาริกา
A14: 11 | B14: 01/10/2569 | C14: 09/10/2569 | D14: JD-0886-001-03 | E14: b-gn0184-a01004-00 | F14: 2 | G14: คุณฑาริกา
A15: 12 | B15: 01/10/2569 | C15: 09/10/2569 | D15: JD-0886-001-04 | E15: b-gn0184-a01005-00 | F15: 2 | G15: คุณฑาริกา
A16: 13 | B16: 01/10/2569 | C16: 09/10/2569 | D16: JD-0886-001-05 | E16: b-gn0184-a01006-00 | F16: 1 | G16: คุณฑาริกา | J16: B/A
A17: 14 | B17: 01/10/2569 | C17: 09/10/2569 | D17: JD-0886-001-06 | E17: b-gn0184-a01007-00 | F17: 1 | G17: คุณฑาริกา
A18: 15 | B18: 01/10/2569 | C18: 09/10/2569 | D18: JD-0886-001-07 | E18: b-gn0184-a01008-00 | F18: 1 | G18: คุณฑาริกา
A19: 16 | B19: 01/10/2569 | C19: 09/10/2569 | D19: JD-0886-001-08 | E19: b-gn0184-a01009-00 | F19: 2 | G19: คุณฑาริกา
A20: 17 | B20: 01/10/2569 | C20: 09/10/2569 | D20: JD-0886-001-09 | E20: b-gn0184-a01010-00 | F20: 1 | G20: คุณฑาริกา
A21: 18 | B21: 01/10/2569 | C21: 09/10/2569 | D21: JD-0886-001-10 | E21: b-gn0184-a01012-00 | F21: 1 | G21: คุณฑาริกา | J21: C/A
A22: 19 | B22: 01/10/2569 | C22: 09/10/2569 | D22: JD-0886-001-11 | E22: b-gn0184-a01013-00 | F22: 2 | G22: คุณฑาริกา | J22: C/A
A23: 20 | B23: 01/10/2569 | C23: 09/10/2569 | D23: JD-0886-001-12 | E23: b-gn0184-a01014-00 | F23: 1 | G23: คุณฑาริกา
A24: 21 | B24: 01/10/2569 | C24: 09/10/2569 | D24: JD-0886-001-13 | E24: b-gn0184-a01016-00 | F24: 1 | G24: คุณฑาริกา | J24: B/A
A25: 22 | B25: 01/10/2569 | C25: 09/10/2569 | D25: JD-0886-001-14 | E25: b-gn0184-a01101-00 | F25: 1 | G25: คุณฑาริกา | J25: C/A
A26: 23 | B26: 01/10/2569 | C26: 09/10/2569 | D26: JD-0887-001-01 | E26: B-GN0184-A01018-00 | F26: 1 | G26: คุณฑาริกา
A27: 24 | B27: 01/10/2569 | C27: 09/10/2569 | D27: JD-0887-002-01 | E27: b-gn0184-a01002-00 | F27: 1 | G27: คุณฑาริกา | J27: C/A
A28: 25 | B28: 01/10/2569 | C28: 09/10/2569 | D28: JD-0887-002-02 | E28: b-gn0184-a01003-00 | F28: 1 | G28: คุณฑาริกา
A29: 26 | B29: 01/10/2569 | C29: 09/10/2569 | D29: JD-0887-002-03 | E29: b-gn0184-a01004-00 | F29: 2 | G29: คุณฑาริกา
A30: 27 | B30: 01/10/2569 | C30: 09/10/2569 | D30: JD-0887-002-04 | E30: b-gn0184-a01005-00 | F30: 2 | G30: คุณฑาริกา
A31: 28 | B31: 01/10/2569 | C31: 09/10/2569 | D31: JD-0887-002-05 | E31: b-gn0184-a01006-00 | F31: 1 | G31: คุณฑาริกา | J31: B/A
A32: 29 | B32: 01/10/2569 | C32: 09/10/2569 | D32: JD-0887-002-06 | E32: b-gn0184-a01007-00 | F32: 1 | G32: คุณฑาริกา
A33: 30 | B33: 01/10/2569 | C33: 09/10/2569 | D33: JD-0887-002-07 | E33: b-gn0184-a01008-00 | F33: 1 | G33: คุณฑาริกา
A34: 31 | B34: 01/10/2569 | C34: 09/10/2569 | D34: JD-0887-002-08 | E34: b-gn0184-a01009-00 | F34: 2 | G34: คุณฑาริกา
A35: 32 | B35: 01/10/2569 | C35: 09/10/2569 | D35: JD-0887-002-09 | E35: b-gn0184-a01010-00 | F35: 1 | G35: คุณฑาริกา
A36: 33 | B36: 01/10/2569 | C36: 09/10/2569 | D36: JD-0887-002-10 | E36: b-gn0184-a01012-00 | F36: 1 | G36: คุณฑาริกา | J36: C/A
A37: 34 | B37: 01/10/2569 | C37: 09/10/2569 | D37: JD-0887-002-11 | E37: b-gn0184-a01013-00 | F37: 2 | G37: คุณฑาริกา | J37: C/A
A38: 35 | B38: 01/10/2569 | C38: 09/10/2569 | D38: JD-0887-002-12 | E38: b-gn0184-a01014-00 | F38: 1 | G38: คุณฑาริกา
A39: 36 | B39: 01/10/2569 | C39: 09/10/2569 | D39: JD-0887-002-13 | E39: b-gn0184-a01016-00 | F39: 1 | G39: คุณฑาริกา | J39: B/A
A40: 37 | B40: 01/10/2569 | C40: 09/10/2569 | D40: JD-0887-002-14 | E40: b-gn0184-a01101-00 | F40: 1 | G40: คุณฑาริกา | J40: C/A
A41: 38 | B41: 01/10/2569 | C41: 09/10/2569 | D41: JD-0888-001-01 | E41: B-GN0184-A01031-00 | F41: 1 | G41: คุณฑาริกา
A42: 39 | B42: 01/10/2569 | C42: 09/10/2569 | D42: JD-0888-002-01 | E42: b-gn0184-a01002-00 | F42: 1 | G42: คุณฑาริกา | J42: C/A
A43: 40 | B43: 01/10/2569 | C43: 09/10/2569 | D43: JD-0888-002-02 | E43: b-gn0184-a01003-00 | F43: 1 | G43: คุณฑาริกา
A44: 41 | B44: 01/10/2569 | C44: 09/10/2569 | D44: JD-0888-002-03 | E44: b-gn0184-a01004-00 | F44: 2 | G44: คุณฑาริกา
A45: 42 | B45: 01/10/2569 | C45: 09/10/2569 | D45: JD-0888-002-04 | E45: b-gn0184-a01005-00 | F45: 2 | G45: คุณฑาริกา
A46: 43 | B46: 01/10/2569 | C46: 09/10/2569 | D46: JD-0888-002-05 | E46: b-gn0184-a01006-00 | F46: 1 | G46: คุณฑาริกา | J46: B/A
A47: 44 | B47: 01/10/2569 | C47: 09/10/2569 | D47: JD-0888-002-06 | E47: b-gn0184-a01007-00 | F47: 1 | G47: คุณฑาริกา
A48: 45 | B48: 01/10/2569 | C48: 09/10/2569 | D48: JD-0888-002-07 | E48: b-gn0184-a01008-00 | F48: 1 | G48: คุณฑาริกา
A49: 46 | B49: 01/10/2569 | C49: 09/10/2569 | D49: JD-0888-002-08 | E49: b-gn0184-a01009-00 | F49: 2 | G49: คุณฑาริกา
A50: 47 | B50: 01/10/2569 | C50: 09/10/2569 | D50: JD-0888-002-09 | E50: b-gn0184-a01010-00 | F50: 1 | G50: คุณฑาริกา
A51: 48 | B51: 01/10/2569 | C51: 09/10/2569 | D51: JD-0888-002-10 | E51: b-gn0184-a01012-00 | F51: 1 | G51: คุณฑาริกา | J51: C/A
A52: 49 | B52: 01/10/2569 | C52: 09/10/2569 | D52: JD-0888-002-11 | E52: b-gn0184-a01013-00 | F52: 2 | G52: คุณฑาริกา | J52: C/A
A53: 50 | B53: 01/10/2569 | C53: 09/10/2569 | D53: JD-0888-002-12 | E53: b-gn0184-a01014-00 | F53: 1 | G53: คุณฑาริกา
A54: 51 | B54: 01/10/2569 | C54: 09/10/2569 | D54: JD-0888-002-13 | E54: b-gn0184-a01016-00 | F54: 1 | G54: คุณฑาริกา | J54: B/A
A55: 52 | B55: 01/10/2569 | C55: 09/10/2569 | D55: JD-0888-002-14 | E55: b-gn0184-a01101-00 | F55: 1 | G55: คุณฑาริกา | J55: C/A
A56: 53 | B56: 01/10/2569 | C56: 09/10/2569 | D56: JD-0889-001-01 | E56: B-GN0184-A01018-00 - Sheet1 | F56: 1 | G56: คุณฑาริกา
A57: 54 | B57: 01/10/2569 | C57: 09/10/2569 | D57: JD-0889-002-01 | E57: b-gn0184-a01002-00 | F57: 1 | G57: คุณฑาริกา | J57: C/A
A58: 55 | B58: 01/10/2569 | C58: 09/10/2569 | D58: JD-0889-002-02 | E58: b-gn0184-a01003-00 | F58: 1 | G58: คุณฑาริกา
A59: 56 | B59: 01/10/2569 | C59: 09/10/2569 | D59: JD-0889-002-03 | E59: b-gn0184-a01004-00 | F59: 2 | G59: คุณฑาริกา
A60: 57 | B60: 01/10/2569 | C60: 09/10/2569 | D60: JD-0889-002-04 | E60: b-gn0184-a01005-00 | F60: 2 | G60: คุณฑาริกา
A61: 58 | B61: 01/10/2569 | C61: 09/10/2569 | D61: JD-0889-002-05 | E61: b-gn0184-a01006-00 | F61: 1 | G61: คุณฑาริกา | J61: B/A
A62: 59 | B62: 01/10/2569 | C62: 09/10/2569 | D62: JD-0889-002-06 | E62: b-gn0184-a01007-00 | F62: 1 | G62: คุณฑาริกา
A63: 60 | B63: 01/10/2569 | C63: 09/10/2569 | D63: JD-0889-002-07 | E63: b-gn0184-a01008-00 | F63: 1 | G63: คุณฑาริกา
A64: 61 | B64: 01/10/2569 | C64: 09/10/2569 | D64: JD-0889-002-08 | E64: b-gn0184-a01009-00 | F64: 2 | G64: คุณฑาริกา
A65: 62 | B65: 01/10/2569 | C65: 09/10/2569 | D65: JD-0889-002-09 | E65: b-gn0184-a01010-00 | F65: 1 | G65: คุณฑาริกา
A66: 63 | B66: 01/10/2569 | C66: 09/10/2569 | D66: JD-0889-002-10 | E66: b-gn0184-a01012-00 | F66: 1 | G66: คุณฑาริกา | J66: C/A
A67: 64 | B67: 01/10/2569 | C67: 09/10/2569 | D67: JD-0889-002-11 | E67: b-gn0184-a01013-00 | F67: 2 | G67: คุณฑาริกา | J67: C/A
A68: 65 | B68: 01/10/2569 | C68: 09/10/2569 | D68: JD-0889-002-12 | E68: b-gn0184-a01014-00 | F68: 1 | G68: คุณฑาริกา
A69: 66 | B69: 01/10/2569 | C69: 09/10/2569 | D69: JD-0889-002-13 | E69: b-gn0184-a01016-00 | F69: 1 | G69: คุณฑาริกา | J69: B/A
A70: 67 | B70: 01/10/2569 | C70: 09/10/2569 | D70: JD-0889-002-14 | E70: b-gn0184-a01101-00 | F70: 1 | G70: คุณฑาริกา | J70: C/A
A71: 68 | B71: 01/10/2569 | C71: 09/10/2569 | D71: JD-0890-001-01 | E71: B-GN0184-A01032-00 - Sheet1 | F71: 1 | G71: คุณฑาริกา
A72: 69 | B72: 01/10/2569 | C72: 09/10/2569 | D72: JD-0890-002-01 | E72: b-gn0184-a01002-00 | F72: 1 | G72: คุณฑาริกา | J72: C/A
A73: 70 | B73: 01/10/2569 | C73: 09/10/2569 | D73: JD-0890-002-02 | E73: b-gn0184-a01003-00 | F73: 1 | G73: คุณฑาริกา
A74: 71 | B74: 01/10/2569 | C74: 09/10/2569 | D74: JD-0890-002-03 | E74: b-gn0184-a01004-00 | F74: 2 | G74: คุณฑาริกา
A75: 72 | B75: 01/10/2569 | C75: 09/10/2569 | D75: JD-0890-002-04 | E75: b-gn0184-a01005-00 | F75: 2 | G75: คุณฑาริกา
A76: 73 | B76: 01/10/2569 | C76: 09/10/2569 | D76: JD-0890-002-05 | E76: b-gn0184-a01006-00 | F76: 1 | G76: คุณฑาริกา | J76: B/A
A77: 74 | B77: 01/10/2569 | C77: 09/10/2569 | D77: JD-0890-002-06 | E77: b-gn0184-a01007-00 | F77: 1 | G77: คุณฑาริกา
A78: 75 | B78: 01/10/2569 | C78: 09/10/2569 | D78: JD-0890-002-07 | E78: b-gn0184-a01008-00 | F78: 1 | G78: คุณฑาริกา
A79: 76 | B79: 01/10/2569 | C79: 09/10/2569 | D79: JD-0890-002-08 | E79: b-gn0184-a01009-00 | F79: 2 | G79: คุณฑาริกา
A80: 77 | B80: 01/10/2569 | C80: 09/10/2569 | D80: JD-0890-002-09 | E80: b-gn0184-a01010-00 | F80: 1 | G80: คุณฑาริกา
A81: 78 | B81: 01/10/2569 | C81: 09/10/2569 | D81: JD-0890-002-10 | E81: b-gn0184-a01012-00 | F81: 1 | G81: คุณฑาริกา | J81: C/A
A82: 79 | B82: 01/10/2569 | C82: 09/10/2569 | D82: JD-0890-002-11 | E82: b-gn0184-a01013-00 | F82: 2 | G82: คุณฑาริกา | J82: C/A
A83: 80 | B83: 01/10/2569 | C83: 09/10/2569 | D83: JD-0890-002-12 | E83: b-gn0184-a01014-00 | F83: 1 | G83: คุณฑาริกา
A84: 81 | B84: 01/10/2569 | C84: 09/10/2569 | D84: JD-0890-002-13 | E84: b-gn0184-a01016-00 | F84: 1 | G84: คุณฑาริกา | J84: B/A
A85: 82 | B85: 01/10/2569 | C85: 09/10/2569 | D85: JD-0890-002-14 | E85: b-gn0184-a01101-00 | F85: 1 | G85: คุณฑาริกา | J85: C/A
A86: 83 | B86: 01/10/2569 | C86: 09/10/2569 | D86: JD-0891-001-01 | E86: B-GN0184-A01030-00 - Sheet1 | F86: 1 | G86: คุณฑาริกา
A87: 84 | B87: 01/10/2569 | C87: 09/10/2569 | D87: JD-0891-002-01 | E87: b-gn0184-a01002-00 | F87: 1 | G87: คุณฑาริกา | J87: C/A
A88: 85 | B88: 01/10/2569 | C88: 09/10/2569 | D88: JD-0891-002-02 | E88: b-gn0184-a01003-00 | F88: 1 | G88: คุณฑาริกา
A89: 86 | B89: 01/10/2569 | C89: 09/10/2569 | D89: JD-0891-002-03 | E89: b-gn0184-a01004-00 | F89: 2 | G89: คุณฑาริกา
A90: 87 | B90: 01/10/2569 | C90: 09/10/2569 | D90: JD-0891-002-04 | E90: b-gn0184-a01005-00 | F90: 2 | G90: คุณฑาริกา
A91: 88 | B91: 01/10/2569 | C91: 09/10/2569 | D91: JD-0891-002-05 | E91: b-gn0184-a01006-00 | F91: 1 | G91: คุณฑาริกา | J91: B/A
A92: 89 | B92: 01/10/2569 | C92: 09/10/2569 | D92: JD-0891-002-06 | E92: b-gn0184-a01007-00 | F92: 1 | G92: คุณฑาริกา
A93: 90 | B93: 01/10/2569 | C93: 09/10/2569 | D93: JD-0891-002-07 | E93: b-gn0184-a01008-00 | F93: 1 | G93: คุณฑาริกา
A94: 91 | B94: 01/10/2569 | C94: 09/10/2569 | D94: JD-0891-002-08 | E94: b-gn0184-a01009-00 | F94: 2 | G94: คุณฑาริกา
A95: 92 | B95: 01/10/2569 | C95: 09/10/2569 | D95: JD-0891-002-09 | E95: b-gn0184-a01010-00 | F95: 1 | G95: คุณฑาริกา
A96: 93 | B96: 01/10/2569 | C96: 09/10/2569 | D96: JD-0891-002-10 | E96: b-gn0184-a01012-00 | F96: 1 | G96: คุณฑาริกา | J96: C/A
A97: 94 | B97: 01/10/2569 | C97: 09/10/2569 | D97: JD-0891-002-11 | E97: b-gn0184-a01013-00 | F97: 2 | G97: คุณฑาริกา | J97: C/A
A98: 95 | B98: 01/10/2569 | C98: 09/10/2569 | D98: JD-0891-002-12 | E98: b-gn0184-a01014-00 | F98: 1 | G98: คุณฑาริกา
A99: 96 | B99: 01/10/2569 | C99: 09/10/2569 | D99: JD-0891-002-13 | E99: b-gn0184-a01016-00 | F99: 1 | G99: คุณฑาริกา | J99: B/A
A100: 97 | B100: 01/10/2569 | C100: 09/10/2569 | D100: JD-0891-002-14 | E100: b-gn0184-a01101-00 | F100: 1 | G100: คุณฑาริกา | J100: C/A
...

Sheet DECEMBER
A1: Status On Plan Work Shop
A2: ลำดับ | B2: วันที่ | C2: JOB | D2: DWG.Name | E2: จำนวนชิ้น | F2: เสร็จแล้ว | G2: ยังไม่เสร็จ | H2: สถานะ | I2: Machine | J2: ผู้รับผิดชอบ | K2: โปรแกรม | L2: ผู้ส่งแบบ | M2: กำหนดส่ง | N2: วันเสร็จจริง | O2: ผู้รับ | P2: วันที่รับ | Q2: KPI ส่งมอบ | R2: แก้ไข(ชิ้น) | S2: Remark
A3: 1 | B3: 12 | G3: =$E3-$F3 -> 0 | H3: =IF($G3=0,"ครบ","ไม่ครบ") -> ครบ | J3: =VLOOKUP(I3,Sheet2!$B$1:$C$62,2,FALSE) -> #N/A | K3: =VLOOKUP(J3,Sheet2!$C$1:$D$61,2,FALSE) -> #N/A | Q3: =IF($N3>$M3,"เกินกำหนด","ทันกำหนด") -> ทันกำหนด
A4: 2 | G4: =$E4-$F4 -> 0 | H4: =IF($G4=0,"ครบ","ไม่ครบ") -> ครบ | J4: =VLOOKUP(I4,Sheet2!$B$1:$C$62,2,FALSE) -> #N/A | K4: =VLOOKUP(J4,Sheet2!$C$1:$D$61,2,FALSE) -> #N/A | Q4: =IF($N4>$M4,"เกินกำหนด","ทันกำหนด") -> ทันกำหนด
A5: 3 | G5: =$E5-$F5 -> 0 | H5: =IF($G5=0,"ครบ","ไม่ครบ") -> ครบ | J5: =VLOOKUP(I5,Sheet2!$B$1:$C$62,2,FALSE) -> #N/A | K5: =VLOOKUP(J5,Sheet2!$C$1:$D$61,2,FALSE) -> #N/A | Q5: =IF($N5>$M5,"เกินกำหนด","ทันกำหนด") -> ทันกำหนด
A6: 4 | G6: =$E6-$F6 -> 0 | H6: =IF($G6=0,"ครบ","ไม่ครบ") -> ครบ | J6: =VLOOKUP(I6,Sheet2!$B$1:$C$62,2,FALSE) -> #N/A | K6: =VLOOKUP(J6,Sheet2!$C$1:$D$61,2,FALSE) -> #N/A | Q6: =IF($N6>$M6,"เกินกำหนด","ทันกำหนด") -> ทันกำหนด
A7: 5 | G7: =$E7-$F7 -> 0 | H7: =IF($G7=0,"ครบ","ไม่ครบ") -> ครบ | J7: =VLOOKUP(I7,Sheet2!$B$1:$C$62,2,FALSE) -> #N/A | K7: =VLOOKUP(J7,Sheet2!$C$1:$D$61,2,FALSE) -> #N/A | Q7: =IF($N7>$M7,"เกินกำหนด","ทันกำหนด") -> ทันกำหนด
A8: 6 | G8: =$E8-$F8 -> 0 | H8: =IF($G8=0,"ครบ","ไม่ครบ") -> ครบ | J8: =VLOOKUP(I8,Sheet2!$B$1:$C$62,2,FALSE) -> #N/A | K8: =VLOOKUP(J8,Sheet2!$C$1:$D$61,2,FALSE) -> #N/A | Q8: =IF($N8>$M8,"เกินกำหนด","ทันกำหนด") -> ทันกำหนด
A9: 7 | G9: =$E9-$F9 -> 0 | H9: =IF($G9=0,"ครบ","ไม่ครบ") -> ครบ | J9: =VLOOKUP(I9,Sheet2!$B$1:$C$62,2,FALSE) -> #N/A | K9: =VLOOKUP(J9,Sheet2!$C$1:$D$61,2,FALSE) -> #N/A | Q9: =IF($N9>$M9,"เกินกำหนด","ทันกำหนด") -> ทันกำหนด
A10: 8 | G10: =$E10-$F10 -> 0 | H10: =IF($G10=0,"ครบ","ไม่ครบ") -> ครบ | J10: =VLOOKUP(I10,Sheet2!$B$1:$C$62,2,FALSE) -> #N/A | K10: =VLOOKUP(J10,Sheet2!$C$1:$D$61,2,FALSE) -> #N/A | Q10: =IF($N10>$M10,"เกินกำหนด","ทันกำหนด") -> ทันกำหนด
A11: 9 | G11: =$E11-$F11 -> 0 | H11: =IF($G11=0,"ครบ","ไม่ครบ") -> ครบ | J11: =VLOOKUP(I11,Sheet2!$B$1:$C$62,2,FALSE) -> #N/A | K11: =VLOOKUP(J11,Sheet2!$C$1:$D$61,2,FALSE) -> #N/A | Q11: =IF($N11>$M11,"เกินกำหนด","ทันกำหนด") -> ทันกำหนด
A12: 10 | G12: =$E12-$F12 -> 0 | H12: =IF($G12=0,"ครบ","ไม่ครบ") -> ครบ | J12: =VLOOKUP(I12,Sheet2!$B$1:$C$62,2,FALSE) -> #N/A | K12: =VLOOKUP(J12,Sheet2!$C$1:$D$61,2,FALSE) -> #N/A | Q12: =IF($N12>$M12,"เกินกำหนด","ทันกำหนด") -> ทันกำหนด
A13: 11 | G13: =$E13-$F13 -> 0 | H13: =IF($G13=0,"ครบ","ไม่ครบ") -> ครบ | J13: =VLOOKUP(I13,Sheet2!$B$1:$C$62,2,FALSE) -> #N/A | K13: =VLOOKUP(J13,Sheet2!$C$1:$D$61,2,FALSE) -> #N/A | Q13: =IF($N13>$M13,"เกินกำหนด","ทันกำหนด") -> ทันกำหนด
A14: 12 | G14: =$E14-$F14 -> 0 | H14: =IF($G14=0,"ครบ","ไม่ครบ") -> ครบ | J14: =VLOOKUP(I14,Sheet2!$B$1:$C$62,2,FALSE) -> #N/A | K14: =VLOOKUP(J14,Sheet2!$C$1:$D$61,2,FALSE) -> #N/A | Q14: =IF($N14>$M14,"เกินกำหนด","ทันกำหนด") -> ทันกำหนด
A15: 13 | G15: =$E15-$F15 -> 0 | H15: =IF($G15=0,"ครบ","ไม่ครบ") -> ครบ | J15: =VLOOKUP(I15,Sheet2!$B$1:$C$62,2,FALSE) -> #N/A | K15: =VLOOKUP(J15,Sheet2!$C$1:$D$61,2,FALSE) -> #N/A | Q15: =IF($N15>$M15,"เกินกำหนด","ทันกำหนด") -> ทันกำหนด
... A39: 37 | G39: =$E39-$F39 -> 0 | H39: =IF($G39=0,"ครบ","ไม่ครบ") -> ครบ | J39: =VLOOKUP(I39,Sheet2!$B$1:$C$62,2,FALSE) -> #N/A | K39: =VLOOKUP(J39,Sheet2!$C$1:$D$61,2,FALSE) -> #N/A | Q39: =IF($N39>$M39,"เกินกำหนด","ทันกำหนด") -> ทันกำหนด
A40: 38 | G40: =$E40-$F40 -> 0 | H40: =IF($G40=0,"ครบ","ไม่ครบ") -> ครบ | J40: =VLOOKUP(I40,Sheet2!$B$1:$C$62,2,FALSE) -> #N/A | K40: =VLOOKUP(J40,Sheet2!$C$1:$D$61,2,FALSE) -> #N/A | Q40: =IF($N40>$M40,"เกินกำหนด","ทันกำหนด") -> ทันกำหนด | R40: 1 | S40: งานแก้
A41: 39 | G41: =$E41-$F41 -> 0 | H41: =IF($G41=0,"ครบ","ไม่ครบ") -> ครบ | J41: =VLOOKUP(I41,Sheet2!$B$1:$C$62,2,FALSE) -> #N/A | K41: =VLOOKUP(J41,Sheet2!$C$1:$D$61,2,FALSE) -> #N/A | Q41: =IF($N41>$M41,"เกินกำหนด","ทันกำหนด") -> ทันกำหนด
A42: 40 | G42: =$E42-$F42 -> 0 | H42: =IF($G42=0,"ครบ","ไม่ครบ") -> ครบ | J42: =VLOOKUP(I42,Sheet2!$B$1:$C$62,2,FALSE) -> #N/A | K42: =VLOOKUP(J42,Sheet2!$C$1:$D$61,2,FALSE) -> #N/A | Q42: =IF($N42>$M42,"เกินกำหนด","ทันกำหนด") -> ทันกำหนด
A43: 41 | G43: =$E43-$F43 -> 0 | H43: =IF($G43=0,"ครบ","ไม่ครบ") -> ครบ | J43: =VLOOKUP(I43,Sheet2!$B$1:$C$62,2,FALSE) -> #N/A | K43: =VLOOKUP(J43,Sheet2!$C$1:$D$61,2,FALSE) -> #N/A | Q43: =IF($N43>$M43,"เกินกำหนด","ทันกำหนด") -> ทันกำหนด
A44: 42 | G44: =$E44-$F44 -> 0 | H44: =IF($G44=0,"ครบ","ไม่ครบ") -> ครบ | J44: =VLOOKUP(I44,Sheet2!$B$1:$C$62,2,FALSE) -> #N/A | K44: =VLOOKUP(J44,Sheet2!$C$1:$D$61,2,FALSE) -> #N/A | Q44: =IF($N44>$M44,"เกินกำหนด","ทันกำหนด") -> ทันกำหนด
A45: 43 | G45: =$E45-$F45 -> 0 | H45: =IF($G45=0,"ครบ","ไม่ครบ") -> ครบ | J45: =VLOOKUP(I45,Sheet2!$B$1:$C$62,2,FALSE) -> #N/A | K45: =VLOOKUP(J45,Sheet2!$C$1:$D$61,2,FALSE) -> #N/A | Q45: =IF($N45>$M45,"เกินกำหนด","ทันกำหนด") -> ทันกำหนด
A46: 44 | G46: =$E46-$F46 -> 0 | H46: =IF($G46=0,"ครบ","ไม่ครบ") -> ครบ | J46: =VLOOKUP(I46,Sheet2!$B$1:$C$62,2,FALSE) -> #N/A | K46: =VLOOKUP(J46,Sheet2!$C$1:$D$61,2,FALSE) -> #N/A | Q46: =IF($N46>$M46,"เกินกำหนด","ทันกำหนด") -> ทันกำหนด
A47: 45 | G47: =$E47-$F47 -> 0 | H47: =IF($G47=0,"ครบ","ไม่ครบ") -> ครบ | J47: =VLOOKUP(I47,Sheet2!$B$1:$C$62,2,FALSE) -> #N/A | K47: =VLOOKUP(J47,Sheet2!$C$1:$D$61,2,FALSE) -> #N/A | Q47: =IF($N47>$M47,"เกินกำหนด","ทันกำหนด") -> ทันกำหนด
A48: 46 | G48: =$E48-$F48 -> 0 | H48: =IF($G48=0,"ครบ","ไม่ครบ") -> ครบ | J48: =VLOOKUP(I48,Sheet2!$B$1:$C$62,2,FALSE) -> #N/A | K48: =VLOOKUP(J48,Sheet2!$C$1:$D$61,2,FALSE) -> #N/A | Q48: =IF($N48>$M48,"เกินกำหนด","ทันกำหนด") -> ทันกำหนด
A49: 47 | G49: =$E49-$F49 -> 0 | H49: =IF($G49=0,"ครบ","ไม่ครบ") -> ครบ | J49: =VLOOKUP(I49,Sheet2!$B$1:$C$62,2,FALSE) -> #N/A | K49: =VLOOKUP(J49,Sheet2!$C$1:$D$61,2,FALSE) -> #N/A | Q49: =IF($N49>$M49,"เกินกำหนด","ทันกำหนด") -> ทันกำหนด
A50: 48 | G50: =$E50-$F50 -> 0 | H50: =IF($G50=0,"ครบ","ไม่ครบ") -> ครบ | J50: =VLOOKUP(I50,Sheet2!$B$1:$C$62,2,FALSE) -> #N/A | K50: =VLOOKUP(J50,Sheet2!$C$1:$D$61,2,FALSE) -> #N/A | Q50: =IF($N50>$M50,"เกินกำหนด","ทันกำหนด") -> ทันกำหนด
A51: 49 | G51: =$E51-$F51 -> 0 | H51: =IF($G51=0,"ครบ","ไม่ครบ") -> ครบ | J51: =VLOOKUP(I51,Sheet2!$B$1:$C$62,2,FALSE) -> #N/A | K51: =VLOOKUP(J51,Sheet2!$C$1:$D$61,2,FALSE) -> #N/A | Q51: =IF($N51>$M51,"เกินกำหนด","ทันกำหนด") -> ทันกำหนด
A52: 50 | G52: =$E52-$F52 -> 0 | H52: =IF($G52=0,"ครบ","ไม่ครบ") -> ครบ | J52: =VLOOKUP(I52,Sheet2!$B$1:$C$62,2,FALSE) -> #N/A | K52: =VLOOKUP(J52,Sheet2!$C$1:$D$61,2,FALSE) -> #N/A | Q52: =IF($N52>$M52,"เกินกำหนด","ทันกำหนด") -> ทันกำหนด | R52: 1 | S52: งานแก้
A53: 51 | G53: =$E53-$F53 -> 0 | H53: =IF($G53=0,"ครบ","ไม่ครบ") -> ครบ | J53: =VLOOKUP(I53,Sheet2!$B$1:$C$62,2,FALSE) -> #N/A | K53: =VLOOKUP(J53,Sheet2!$C$1:$D$61,2,FALSE) -> #N/A | Q53: =IF($N53>$M53,"เกินกำหนด","ทันกำหนด") -> ทันกำหนด
A54: 52 | G54: =$E54-$F54 -> 0 | H54: =IF($G54=0,"ครบ","ไม่ครบ") -> ครบ | J54: =VLOOKUP(I54,Sheet2!$B$1:$C$62,2,FALSE) -> #N/A | K54: =VLOOKUP(J54,Sheet2!$C$1:$D$61,2,FALSE) -> #N/A | Q54: =IF($N54>$M54,"เกินกำหนด","ทันกำหนด") -> ทันกำหนด
A55: 53 | G55: =$E55-$F55 -> 0 | H55: =IF($G55=0,"ครบ","ไม่ครบ") -> ครบ | J55: =VLOOKUP(I55,Sheet2!$B$1:$C$62,2,FALSE) -> #N/A | K55: =VLOOKUP(J55,Sheet2!$C$1:$D$61,2,FALSE) -> #N/A | Q55: =IF($N55>$M55,"เกินกำหนด","ทันกำหนด") -> ทันกำหนด
A56: 54 | G56: =$E56-$F56 -> 0 | H56: =IF($G56=0,"ครบ","ไม่ครบ") -> ครบ | J56: =VLOOKUP(I56,Sheet2!$B$1:$C$62,2,FALSE) -> #N/A | K56: =VLOOKUP(J56,Sheet2!$C$1:$D$61,2,FALSE) -> #N/A | Q56: =IF($N56>$M56,"เกินกำหนด","ทันกำหนด") -> ทันกำหนด
A57: 55 | G57: =$E57-$F57 -> 0 | H57: =IF($G57=0,"ครบ","ไม่ครบ") -> ครบ | J57: =VLOOKUP(I57,Sheet2!$B$1:$C$62,2,FALSE) -> #N/A | K57: =VLOOKUP(J57,Sheet2!$C$1:$D$61,2,FALSE) -> #N/A | Q57: =IF($N57>$M57,"เกินกำหนด","ทันกำหนด") -> ทันกำหนด
A58: 56 | G58: =$E58-$F58 -> 0 | H58: =IF($G58=0,"ครบ","ไม่ครบ") -> ครบ | J58: =VLOOKUP(I58,Sheet2!$B$1:$C$62,2,FALSE) -> #N/A | K58: =VLOOKUP(J58,Sheet2!$C$1:$D$61,2,FALSE) -> #N/A | Q58: =IF($N58>$M58,"เกินกำหนด","ทันกำหนด") -> ทันกำหนด
A59: 57 | G59: =$E59-$F59 -> 0 | H59: =IF($G59=0,"ครบ","ไม่ครบ") -> ครบ | J59: =VLOOKUP(I59,Sheet2!$B$1:$C$62,2,FALSE) -> #N/A | K59: =VLOOKUP(J59,Sheet2!$C$1:$D$61,2,FALSE) -> #N/A | Q59: =IF($N59>$M59,"เกินกำหนด","ทันกำหนด") -> ทันกำหนด
A60: 58 | G60: =$E60-$F60 -> 0 | H60: =IF($G60=0,"ครบ","ไม่ครบ") -> ครบ | J60: =VLOOKUP(I60,Sheet2!$B$1:$C$62,2,FALSE) -> #N/A | K60: =VLOOKUP(J60,Sheet2!$C$1:$D$61,2,FALSE) -> #N/A | Q60: =IF($N60>$M60,"เกินกำหนด","ทันกำหนด") -> ทันกำหนด
A61: 59 | G61: =$E61-$F61 -> 0 | H61: =IF($G61=0,"ครบ","ไม่ครบ") -> ครบ | J61: =VLOOKUP(I61,Sheet2!$B$1:$C$62,2,FALSE) -> #N/A | K61: =VLOOKUP(J61,Sheet2!$C$1:$D$61,2,FALSE) -> #N/A | Q61: =IF($N61>$M61,"เกินกำหนด","ทันกำหนด") -> ทันกำหนด
A62: 60 | G62: =$E62-$F62 -> 0 | H62: =IF($G62=0,"ครบ","ไม่ครบ") -> ครบ | J62: =VLOOKUP(I62,Sheet2!$B$1:$C$62,2,FALSE) -> #N/A | K62: =VLOOKUP(J62,Sheet2!$C$1:$D$61,2,FALSE) -> #N/A | Q62: =IF($N62>$M62,"เกินกำหนด","ทันกำหนด") -> ทันกำหนด
A63: 61 | G63: =$E63-$F63 -> 0 | H63: =IF($G63=0,"ครบ","ไม่ครบ") -> ครบ | J63: =VLOOKUP(I63,Sheet2!$B$1:$C$62,2,FALSE) -> #N/A | K63: =VLOOKUP(J63,Sheet2!$C$1:$D$61,2,FALSE) -> #N/A | Q63: =IF($N63>$M63,"เกินกำหนด","ทันกำหนด") -> ทันกำหนด
A64: 62 | G64: =$E64-$F64 -> 0 | H64: =IF($G64=0,"ครบ","ไม่ครบ") -> ครบ | J64: =VLOOKUP(I64,Sheet2!$B$1:$C$62,2,FALSE) -> #N/A | K64: =VLOOKUP(J64,Sheet2!$C$1:$D$61,2,FALSE) -> #N/A | Q64: =IF($N64>$M64,"เกินกำหนด","ทันกำหนด") -> ทันกำหนด
... A85: 83 | G85: =$E85-$F85 -> 0 | H85: =IF($G85=0,"ครบ","ไม่ครบ") -> ครบ | J85: =VLOOKUP(I85,Sheet2!$B$1:$C$62,2,FALSE) -> #N/A | K85: =VLOOKUP(J85,Sheet2!$C$1:$D$61,2,FALSE) -> #N/A | Q85: =IF($N85>$M85,"เกินกำหนด","ทันกำหนด") -> ทันกำหนด
A86: 84 | G86: =$E86-$F86 -> 0 | H86: =IF($G86=0,"ครบ","ไม่ครบ") -> ครบ | J86: =VLOOKUP(I86,Sheet2!$B$1:$C$62,2,FALSE) -> #N/A | K86: =VLOOKUP(J86,Sheet2!$C$1:$D$61,2,FALSE) -> #N/A | Q86: =IF($N86>$M86,"เกินกำหนด","ทันกำหนด") -> ทันกำหนด | R86: 4
A87: 85 | G87: =$E87-$F87 -> 0 | H87: =IF($G87=0,"ครบ","ไม่ครบ") -> ครบ | J87: =VLOOKUP(I87,Sheet2!$B$1:$C$62,2,FALSE) -> #N/A | K87: =VLOOKUP(J87,Sheet2!$C$1:$D$61,2,FALSE) -> #N/A | Q87: =IF($N87>$M87,"เกินกำหนด","ทันกำหนด") -> ทันกำหนด
A88: 86 | G88: =$E88-$F88 -> 0 | H88: =IF($G88=0,"ครบ","ไม่ครบ") -> ครบ | J88: =VLOOKUP(I88,Sheet2!$B$1:$C$62,2,FALSE) -> #N/A | K88: =VLOOKUP(J88,Sheet2!$C$1:$D$61,2,FALSE) -> #N/A | Q88: =IF($N88>$M88,"เกินกำหนด","ทันกำหนด") -> ทันกำหนด
A89: 87 | G89: =$E89-$F89 -> 0 | H89: =IF($G89=0,"ครบ","ไม่ครบ") -> ครบ | J89: =VLOOKUP(I89,Sheet2!$B$1:$C$62,2,FALSE) -> #N/A | K89: =VLOOKUP(J89,Sheet2!$C$1:$D$61,2,FALSE) -> #N/A | Q89: =IF($N89>$M89,"เกินกำหนด","ทันกำหนด") -> ทันกำหนด
A90: 88 | G90: =$E90-$F90 -> 0 | H90: =IF($G90=0,"ครบ","ไม่ครบ") -> ครบ | J90: =VLOOKUP(I90,Sheet2!$B$1:$C$62,2,FALSE) -> #N/A | K90: =VLOOKUP(J90,Sheet2!$C$1:$D$61,2,FALSE) -> #N/A | Q90: =IF($N90>$M90,"เกินกำหนด","ทันกำหนด") -> ทันกำหนด
A91: 89 | G91: =$E91-$F91 -> 0 | H91: =IF($G91=0,"ครบ","ไม่ครบ") -> ครบ | J91: =VLOOKUP(I91,Sheet2!$B$1:$C$62,2,FALSE) -> #N/A | K91: =VLOOKUP(J91,Sheet2!$C$1:$D$61,2,FALSE) -> #N/A | Q91: =IF($N91>$M91,"เกินกำหนด","ทันกำหนด") -> ทันกำหนด
A92: 90 | G92: =$E92-$F92 -> 0 | H92: =IF($G92=0,"ครบ","ไม่ครบ") -> ครบ | J92: =VLOOKUP(I92,Sheet2!$B$1:$C$62,2,FALSE) -> #N/A | K92: =VLOOKUP(J92,Sheet2!$C$1:$D$61,2,FALSE) -> #N/A | Q92: =IF($N92>$M92,"เกินกำหนด","ทันกำหนด") -> ทันกำหนด
A93: 91 | G93: =$E93-$F93 -> 0 | H93: =IF($G93=0,"ครบ","ไม่ครบ") -> ครบ | J93: =VLOOKUP(I93,Sheet2!$B$1:$C$62,2,FALSE) -> #N/A | K93: =VLOOKUP(J93,Sheet2!$C$1:$D$61,2,FALSE) -> #N/A | Q93: =IF($N93>$M93,"เกินกำหนด","ทันกำหนด") -> ทันกำหนด
A94: 92 | G94: =$E94-$F94 -> 0 | H94: =IF($G94=0,"ครบ","ไม่ครบ") -> ครบ | J94: =VLOOKUP(I94,Sheet2!$B$1:$C$62,2,FALSE) -> #N/A | K94: =VLOOKUP(J94,Sheet2!$C$1:$D$61,2,FALSE) -> #N/A | Q94: =IF($N94>$M94,"เกินกำหนด","ทันกำหนด") -> ทันกำหนด
A95: 93 | G95: =$E95-$F95 -> 0 | H95: =IF($G95=0,"ครบ","ไม่ครบ") -> ครบ | J95: =VLOOKUP(I95,Sheet2!$B$1:$C$62,2,FALSE) -> #N/A | K95: =VLOOKUP(J95,Sheet2!$C$1:$D$61,2,FALSE) -> #N/A | Q95: =IF($N95>$M95,"เกินกำหนด","ทันกำหนด") -> ทันกำหนด
A96: 94 | G96: =$E96-$F96 -> 0 | H96: =IF($G96=0,"ครบ","ไม่ครบ") -> ครบ | J96: =VLOOKUP(I96,Sheet2!$B$1:$C$62,2,FALSE) -> #N/A | K96: =VLOOKUP(J96,Sheet2!$C$1:$D$61,2,FALSE) -> #N/A | Q96: =IF($N96>$M96,"เกินกำหนด","ทันกำหนด") -> ทันกำหนด
A97: 95 | G97: =$E97-$F97 -> 0 | H97: =IF($G97=0,"ครบ","ไม่ครบ") -> ครบ | J97: =VLOOKUP(I97,Sheet2!$B$1:$C$62,2,FALSE) -> #N/A | K97: =VLOOKUP(J97,Sheet2!$C$1:$D$61,2,FALSE) -> #N/A | Q97: =IF($N97>$M97,"เกินกำหนด","ทันกำหนด") -> ทันกำหนด
A98: 96 | G98: =$E98-$F98 -> 0 | H98: =IF($G98=0,"ครบ","ไม่ครบ") -> ครบ | J98: =VLOOKUP(I98,Sheet2!$B$1:$C$62,2,FALSE) -> #N/A | K98: =VLOOKUP(J98,Sheet2!$C$1:$D$61,2,FALSE) -> #N/A | Q98: =IF($N98>$M98,"เกินกำหนด","ทันกำหนด") -> ทันกำหนด
... A138: 137 | G138: =$E138-$F138 -> 0 | H138: =IF($G138=0,"ครบ","ไม่ครบ") -> ครบ | J138: =VLOOKUP(I138,Sheet2!$B$1:$C$62,2,FALSE) -> #N/A | K138: =VLOOKUP(J138,Sheet2!$C$1:$D$61,2,FALSE) -> #N/A | Q138: =IF($N138>$M138,"เกินกำหนด","ทันกำหนด") -> ทันกำหนด
A139: 138 | G139: =$E139-$F139 -> 0 | H139: =IF($G139=0,"ครบ","ไม่ครบ") -> ครบ | J139: =VLOOKUP(I139,Sheet2!$B$1:$C$62,2,FALSE) -> #N/A | K139: =VLOOKUP(J139,Sheet2!$C$1:$D$61,2,FALSE) -> #N/A | Q139: =IF($N139>$M139,"เกินกำหนด","ทันกำหนด") -> ทันกำหนด | R139: 2 | S139: งานแก้
A140: 139 | G140: =$E140-$F140 -> 0 | H140: =IF($G140=0,"ครบ","ไม่ครบ") -> ครบ | J140: =VLOOKUP(I140,Sheet2!$B$1:$C$62,2,FALSE) -> #N/A | K140: =VLOOKUP(J140,Sheet2!$C$1:$D$61,2,FALSE) -> #N/A | Q140: =IF($N140>$M140,"เกินกำหนด","ทันกำหนด") -> ทันกำหนด
A141: 140 | G141: =$E141-$F141 -> 0 | H141: =IF($G141=0,"ครบ","ไม่ครบ") -> ครบ | J141: =VLOOKUP(I141,Sheet2!$B$1:$C$62,2,FALSE) -> #N/A | K141: =VLOOKUP(J141,Sheet2!$C$1:$D$61,2,FALSE) -> #N/A | Q141: =IF($N141>$M141,"เกินกำหนด","ทันกำหนด") -> ทันกำหนด
A142: 141 | G142: =$E142-$F142 -> 0 | H142: =IF($G142=0,"ครบ","ไม่ครบ") -> ครบ | J142: =VLOOKUP(I142,Sheet2!$B$1:$C$62,2,FALSE) -> #N/A | K142: =VLOOKUP(J142,Sheet2!$C$1:$D$61,2,FALSE) -> #N/A | Q142: =IF($N142>$M142,"เกินกำหนด","ทันกำหนด") -> ทันกำหนด
A143: 142 | G143: =$E143-$F143 -> 0 | H143: =IF($G143=0,"ครบ","ไม่ครบ") -> ครบ | J143: =VLOOKUP(I143,Sheet2!$B$1:$C$62,2,FALSE) -> #N/A | K143: =VLOOKUP(J143,Sheet2!$C$1:$D$61,2,FALSE) -> #N/A | Q143: =IF($N143>$M143,"เกินกำหนด","ทันกำหนด") -> ทันกำหนด
A144: 143 | G144: =$E144-$F144 -> 0 | H144: =IF($G144=0,"ครบ","ไม่ครบ") -> ครบ | J144: =VLOOKUP(I144,Sheet2!$B$1:$C$62,2,FALSE) -> #N/A | K144: =VLOOKUP(J144,Sheet2!$C$1:$D$61,2,FALSE) -> #N/A | Q144: =IF($N144>$M144,"เกินกำหนด","ทันกำหนด") -> ทันกำหนด
A145: 144 | G145: =$E145-$F145 -> 0 | H145: =IF($G145=0,"ครบ","ไม่ครบ") -> ครบ | J145: =VLOOKUP(I145,Sheet2!$B$1:$C$62,2,FALSE) -> #N/A | K145: =VLOOKUP(J145,Sheet2!$C$1:$D$61,2,FALSE) -> #N/A | Q145: =IF($N145>$M145,"เกินกำหนด","ทันกำหนด") -> ทันกำหนด
A146: 145 | G146: =$E146-$F146 -> 0 | H146: =IF($G146=0,"ครบ","ไม่ครบ") -> ครบ | J146: =VLOOKUP(I146,Sheet2!$B$1:$C$62,2,FALSE) -> #N/A | K146: =VLOOKUP(J146,Sheet2!$C$1:$D$61,2,FALSE) -> #N/A | Q146: =IF($N146>$M146,"เกินกำหนด","ทันกำหนด") -> ทันกำหนด
A147: 146 | G147: =$E147-$F147 -> 0 | H147: =IF($G147=0,"ครบ","ไม่ครบ") -> ครบ | J147: =VLOOKUP(I147,Sheet2!$B$1:$C$62,2,FALSE) -> #N/A | K147: =VLOOKUP(J147,Sheet2!$C$1:$D$61,2,FALSE) -> #N/A | Q147: =IF($N147>$M147,"เกินกำหนด","ทันกำหนด") -> ทันกำหนด
A148: 147 | G148: =$E148-$F148 -> 0 | H148: =IF($G148=0,"ครบ","ไม่ครบ") -> ครบ | J148: =VLOOKUP(I148,Sheet2!$B$1:$C$62,2,FALSE) -> #N/A | K148: =VLOOKUP(J148,Sheet2!$C$1:$D$61,2,FALSE) -> #N/A | Q148: =IF($N148>$M148,"เกินกำหนด","ทันกำหนด") -> ทันกำหนด
A149: 148 | G149: =$E149-$F149 -> 0 | H149: =IF($G149=0,"ครบ","ไม่ครบ") -> ครบ | J149: =VLOOKUP(I149,Sheet2!$B$1:$C$62,2,FALSE) -> #N/A | K149: =VLOOKUP(J149,Sheet2!$C$1:$D$61,2,FALSE) -> #N/A | Q149: =IF($N149>$M149,"เกินกำหนด","ทันกำหนด") -> ทันกำหนด
A150: 149 | G150: =$E150-$F150 -> 0 | H150: =IF($G150=0,"ครบ","ไม่ครบ") -> ครบ | J150: =VLOOKUP(I150,Sheet2!$B$1:$C$62,2,FALSE) -> #N/A | K150: =VLOOKUP(J150,Sheet2!$C$1:$D$61,2,FALSE) -> #N/A | Q150: =IF($N150>$M150,"เกินกำหนด","ทันกำหนด") -> ทันกำหนด
A151: 150 | G151: =$E151-$F151 -> 0 | H151: =IF($G151=0,"ครบ","ไม่ครบ") -> ครบ | J151: =VLOOKUP(I151,Sheet2!$B$1:$C$62,2,FALSE) -> #N/A | K151: =VLOOKUP(J151,Sheet2!$C$1:$D$61,2,FALSE) -> #N/A | Q151: =IF($N151>$M151,"เกินกำหนด","ทันกำหนด") -> ทันกำหนด
... A178: 177 | G178: =$E178-$F178 -> 0 | H178: =IF($G178=0,"ครบ","ไม่ครบ") -> ครบ | J178: =VLOOKUP(I178,Sheet2!$B$1:$C$62,2,FALSE) -> #N/A | K178: =VLOOKUP(J178,Sheet2!$C$1:$D$61,2,FALSE) -> #N/A | Q178: =IF($N178>$M178,"เกินกำหนด","ทันกำหนด") -> ทันกำหนด
A179: 178 | G179: =$E179-$F179 -> 0 | H179: =IF($G179=0,"ครบ","ไม่ครบ") -> ครบ | J179: =VLOOKUP(I178,Sheet2!$B$1:$C$62,2,FALSE) -> #N/A | K179: =VLOOKUP(J179,Sheet2!$C$1:$D$61,2,FALSE) -> #N/A | Q179: =IF($N179>$M179,"เกินกำหนด","ทันกำหนด") -> ทันกำหนด
A180: 179 | G180: =$E180-$F180 -> 0 | H180: =IF($G180=0,"ครบ","ไม่ครบ") -> ครบ | J180: =VLOOKUP(J179,Sheet2!$C$1:$D$61,2,FALSE) -> #N/A | K180: =VLOOKUP(J180,Sheet2!$C$1:$D$61,2,FALSE) -> #N/A | Q180: =IF($N180>$M180,"เกินกำหนด","ทันกำหนด") -> ทันกำหนด
A181: 180 | G181: =$E181-$F181 -> 0 | H181: =IF($G181=0,"ครบ","ไม่ครบ") -> ครบ | J181: =VLOOKUP(I181,Sheet2!$B$1:$C$62,2,FALSE) -> #N/A | K181: =VLOOKUP(J181,Sheet2!$C$1:$D$61,2,FALSE) -> #N/A | Q181: =IF($N181>$M181,"เกินกำหนด","ทันกำหนด") -> ทันกำหนด
A182: 181 | G182: =$E182-$F182 -> 0 | H182: =IF($G182=0,"ครบ","ไม่ครบ") -> ครบ | J182: =VLOOKUP(I182,Sheet2!$B$1:$C$62,2,FALSE) -> #N/A | K182: =VLOOKUP(J182,Sheet2!$C$1:$D$61,2,FALSE) -> #N/A | Q182: =IF($N182>$M182,"เกินกำหนด","ทันกำหนด") -> ทันกำหนด
A183: 182 | G183: =$E183-$F183 -> 0 | H183: =IF($G183=0,"ครบ","ไม่ครบ") -> ครบ | J183: =VLOOKUP(I183,Sheet2!$B$1:$C$62,2,FALSE) -> #N/A | K183: =VLOOKUP(J183,Sheet2!$C$1:$D$61,2,FALSE) -> #N/A | Q183: =IF($N183>$M183,"เกินกำหนด","ทันกำหนด") -> ทันกำหนด
A184: 183 | G184: =$E184-$F184 -> 0 | H184: =IF($G184=0,"ครบ","ไม่ครบ") -> ครบ | J184: =VLOOKUP(I184,Sheet2!$B$1:$C$62,2,FALSE) -> #N/A | K184: =VLOOKUP(J184,Sheet2!$C$1:$D$61,2,FALSE) -> #N/A | Q184: =IF($N184>$M184,"เกินกำหนด","ทันกำหนด") -> ทันกำหนด | S184: งานด่วน
A185: 184 | G185: =$E185-$F185 -> 0 | H185: =IF($G185=0,"ครบ","ไม่ครบ") -> ครบ | J185: =VLOOKUP(I185,Sheet2!$B$1:$C$62,2,FALSE) -> #N/A | K185: =VLOOKUP(J185,Sheet2!$C$1:$D$61,2,FALSE) -> #N/A | Q185: =IF($N185>$M185,"เกินกำหนด","ทันกำหนด") -> ทันกำหนด
A186: 185 | G186: =$E186-$F186 -> 0 | H186: =IF($G186=0,"ครบ","ไม่ครบ") -> ครบ | J186: =VLOOKUP(I186,Sheet2!$B$1:$C$62,2,FALSE) -> #N/A | K186: =VLOOKUP(J186,Sheet2!$C$1:$D$61,2,FALSE) -> #N/A | Q186: =IF($N186>$M186,"เกินกำหนด","ทันกำหนด") -> ทันกำหนด
A187: 186 | G187: =$E187-$F187 -> 0 | H187: =IF($G187=0,"ครบ","ไม่ครบ") -> ครบ | J187: =VLOOKUP(I187,Sheet2!$B$1:$C$62,2,FALSE) -> #N/A | K187: =VLOOKUP(J187,Sheet2!$C$1:$D$61,2,FALSE) -> #N/A | Q187: =IF($N187>$M187,"เกินกำหนด","ทันกำหนด") -> ทันกำหนด
A188: 187 | G188: =$E188-$F188 -> 0 | H188: =IF($G188=0,"ครบ","ไม่ครบ") -> ครบ | J188: =VLOOKUP(I188,Sheet2!$B$1:$C$62,2,FALSE) -> #N/A | K188: =VLOOKUP(J188,Sheet2!$C$1:$D$61,2,FALSE) -> #N/A | Q188: =IF($N188>$M188,"เกินกำหนด","ทันกำหนด") -> ทันกำหนด
A189: 188 | G189: =$E189-$F189 -> 0 | H189: =IF($G189=0,"ครบ","ไม่ครบ") -> ครบ | J189: =VLOOKUP(I189,Sheet2!$B$1:$C$62,2,FALSE) -> #N/A | K189: =VLOOKUP(J189,Sheet2!$C$1:$D$61,2,FALSE) -> #N/A | Q189: =IF($N189>$M189,"เกินกำหนด","ทันกำหนด") -> ทันกำหนด
A190: 189 | G190: =$E190-$F190 -> 0 | H190: =IF($G190=0,"ครบ","ไม่ครบ") -> ครบ | J190: =VLOOKUP(I190,Sheet2!$B$1:$C$62,2,FALSE) -> #N/A | K190: =VLOOKUP(J190,Sheet2!$C$1:$D$61,2,FALSE) -> #N/A | Q190: =IF($N190>$M190,"เกินกำหนด","ทันกำหนด") -> ทันกำหนด
A191: 190 | G191: =$E191-$F191 -> 0 | H191: =IF($G191=0,"ครบ","ไม่ครบ") -> ครบ | J191: =VLOOKUP(I191,Sheet2!$B$1:$C$62,2,FALSE) -> #N/A | K191: =VLOOKUP(J191,Sheet2!$C$1:$D$61,2,FALSE) -> #N/A | Q191: =IF($N191>$M191,"เกินกำหนด","ทันกำหนด") -> ทันกำหนด
A192: 191 | G192: =$E192-$F192 -> 0 | H192: =IF($G192=0,"ครบ","ไม่ครบ") -> ครบ | J192: =VLOOKUP(I192,Sheet2!$B$1:$C$62,2,FALSE) -> #N/A | K192: =VLOOKUP(J192,Sheet2!$C$1:$D$61,2,FALSE) -> #N/A | Q192: =IF($N192>$M192,"เกินกำหนด","ทันกำหนด") -> ทันกำหนด
A193: 192 | G193: =$E193-$F193 -> 0 | H193: =IF($G193=0,"ครบ","ไม่ครบ") -> ครบ | J193: =VLOOKUP(I193,Sheet2!$B$1:$C$62,2,FALSE) -> #N/A | K193: =VLOOKUP(J193,Sheet2!$C$1:$D$61,2,FALSE) -> #N/A | Q193: =IF($N193>$M193,"เกินกำหนด","ทันกำหนด") -> ทันกำหนด
A194: 193 | G194: =$E194-$F194 -> 0 | H194: =IF($G194=0,"ครบ","ไม่ครบ") -> ครบ | J194: =VLOOKUP(I194,Sheet2!$B$1:$C$62,2,FALSE) -> #N/A | K194: =VLOOKUP(J194,Sheet2!$C$1:$D$61,2,FALSE) -> #N/A | Q194: =IF($N194>$M194,"เกินกำหนด","ทันกำหนด") -> ทันกำหนด
A195: 194 | G195: =$E195-$F195 -> 0 | H195: =IF($G195=0,"ครบ","ไม่ครบ") -> ครบ | J195: =VLOOKUP(I195,Sheet2!$B$1:$C$62,2,FALSE) -> #N/A | K195: =VLOOKUP(J195,Sheet2!$C$1:$D$61,2,FALSE) -> #N/A | Q195: =IF($N195>$M195,"เกินกำหนด","ทันกำหนด") -> ทันกำหนด
A196: 195 | G196: =$E196-$F196 -> 0 | H196: =IF($G196=0,"ครบ","ไม่ครบ") -> ครบ | J196: =VLOOKUP(I196,Sheet2!$B$1:$C$62,2,FALSE) -> #N/A | K196: =VLOOKUP(J196,Sheet2!$C$1:$D$61,2,FALSE) -> #N/A | Q196: =IF($N196>$M196,"เกินกำหนด","ทันกำหนด") -> ทันกำหนด
... A265: 264 | G265: =$E265-$F265 -> 0 | H265: =IF($G265=0,"ครบ","ไม่ครบ") -> ครบ | J265: =VLOOKUP(I265,Sheet2!$B$1:$C$62,2,FALSE) -> #N/A | K265: =VLOOKUP(J265,Sheet2!$C$1:$D$61,2,FALSE) -> #N/A | Q265: =IF($N265>$M265,"เกินกำหนด","ทันกำหนด") -> ทันกำหนด
A266: 265 | G266: =$E266-$F266 -> 0 | H266: =IF($G266=0,"ครบ","ไม่ครบ") -> ครบ | J266: =VLOOKUP(I266,Sheet2!$B$1:$C$62,2,FALSE) -> #N/A | K266: =VLOOKUP(J266,Sheet2!$C$1:$D$61,2,FALSE) -> #N/A
A267: 266 | G267: =$E267-$F267 -> 0 | H267: =IF($G267=0,"ครบ","ไม่ครบ") -> ครบ | J267: =VLOOKUP(I267,Sheet2!$B$1:$C$62,2,FALSE) -> #N/A | K267: =VLOOKUP(J267,Sheet2!$C$1:$D$61,2,FALSE) -> #N/A | Q267: =IF($N267>$M267,"เกินกำหนด","ทันกำหนด") -> ทันกำหนด
A268: 267 | G268: =$E268-$F268 -> 0 | H268: =IF($G268=0,"ครบ","ไม่ครบ") -> ครบ | J268: =VLOOKUP(I268,Sheet2!$B$1:$C$62,2,FALSE) -> #N/A | K268: =VLOOKUP(J268,Sheet2!$C$1:$D$61,2,FALSE) -> #N/A | Q268: =IF($N268>$M268,"เกินกำหนด","ทันกำหนด") -> ทันกำหนด
A269: 267 | G269: =$E269-$F269 -> 0 | H269: =IF($G269=0,"ครบ","ไม่ครบ") -> ครบ | J269: =VLOOKUP(I269,Sheet2!$B$1:$C$62,2,FALSE) -> #N/A | K269: =VLOOKUP(J269,Sheet2!$C$1:$D$61,2,FALSE) -> #N/A | Q269: =IF($N269>$M269,"เกินกำหนด","ทันกำหนด") -> ทันกำหนด
A270: 268 | G270: =$E270-$F270 -> 0 | H270: =IF($G270=0,"ครบ","ไม่ครบ") -> ครบ | J270: =VLOOKUP(I270,Sheet2!$B$1:$C$62,2,FALSE) -> #N/A | K270: =VLOOKUP(J270,Sheet2!$C$1:$D$61,2,FALSE) -> #N/A | Q270: =IF($N270>$M270,"เกินกำหนด","ทันกำหนด") -> ทันกำหนด
A271: 269 | G271: =$E271-$F271 -> 0 | H271: =IF($G271=0,"ครบ","ไม่ครบ") -> ครบ | J271: =VLOOKUP(I271,Sheet2!$B$1:$C$62,2,FALSE) -> #N/A | K271: =VLOOKUP(J271,Sheet2!$C$1:$D$61,2,FALSE) -> #N/A | Q271: =IF($N271>$M271,"เกินกำหนด","ทันกำหนด") -> ทันกำหนด
A272: 270 | G272: =$E272-$F272 -> 0 | H272: =IF($G272=0,"ครบ","ไม่ครบ") -> ครบ | J272: =VLOOKUP(I272,Sheet2!$B$1:$C$62,2,FALSE) -> #N/A | K272: =VLOOKUP(J272,Sheet2!$C$1:$D$61,2,FALSE) -> #N/A | Q272: =IF($N272>$M272,"เกินกำหนด","ทันกำหนด") -> ทันกำหนด
A273: 271 | G273: =$E273-$F273 -> 0 | H273: =IF($G273=0,"ครบ","ไม่ครบ") -> ครบ | J273: =VLOOKUP(I273,Sheet2!$B$1:$C$62,2,FALSE) -> #N/A | K273: =VLOOKUP(J273,Sheet2!$C$1:$D$61,2,FALSE) -> #N/A | Q273: =IF($N273>$M273,"เกินกำหนด","ทันกำหนด") -> ทันกำหนด
A274: 272 | G274: =$E274-$F274 -> 0 | H274: =IF($G274=0,"ครบ","ไม่ครบ") -> ครบ | J274: =VLOOKUP(I274,Sheet2!$B$1:$C$62,2,FALSE) -> #N/A | K274: =VLOOKUP(J274,Sheet2!$C$1:$D$61,2,FALSE) -> #N/A | Q274: =IF($N274>$M274,"เกินกำหนด","ทันกำหนด") -> ทันกำหนด
A275: 273 | G275: =$E275-$F275 -> 0 | H275: =IF($G275=0,"ครบ","ไม่ครบ") -> ครบ | J275: =VLOOKUP(I275,Sheet2!$B$1:$C$62,2,FALSE) -> #N/A | K275: =VLOOKUP(J275,Sheet2!$C$1:$D$61,2,FALSE) -> #N/A | Q275: =IF($N275>$M275,"เกินกำหนด","ทันกำหนด") -> ทันกำหนด
A276: 274 | G276: =$E276-$F276 -> 0 | H276: =IF($G276=0,"ครบ","ไม่ครบ") -> ครบ | J276: =VLOOKUP(I276,Sheet2!$B$1:$C$62,2,FALSE) -> #N/A | K276: =VLOOKUP(J276,Sheet2!$C$1:$D$61,2,FALSE) -> #N/A | Q276: =IF($N276>$M276,"เกินกำหนด","ทันกำหนด") -> ทันกำหนด
...

Sheet Sheet2
B1: CAM 1 | C1: ศักดิ์ดา | D1: Grinding | E1: C/A
B2: CAM 2 | C2: สุขสันต์ | D2: Wire cut | E2: ชุบแข็ง
B3: ML 1 | C3: จักรกฤษณ์ | D3: Waterjet | E3: ZINC
B4: ML 2 | C4: องอาจ | D4: EDM | E4: H/C
B5: ML 3 | C5: สรายุทธ | D5: CNC-Late | E5: E/N
B6: LATHE 1 | C6: ชาญชัย | D6: Weldding | E6: B/O
B7: LATHE 2 | C7: สรายุทธ | E7: B/A
B8: SPAR | C8: ธีรณัฐ
B10: CAM 1 | C10: เพลินชัย
B11: CAM 2 | C11: สุขสันต์
B12: CAM 3 | C12: รังสรรค์
B13: ML 1 | C13: จักรกฤษณ์
B14: ML 2 | C14: องอาจ
B15: ML 3 | C15: สรายุทธ
B16: LATHE 1 | C16: ชาญชัย
B17: LATHE 2 | C17: สรายุทธ
B18: SPAR | C18: ธีรณัฐ
